School ID,School Name,Graduates,Enrollments,Enrollment Pct,year_x,ncessch,school_id,school_name_x,leaid_x,lea_name,state_leaid,seasch,street_mailing,city_mailing,state_mailing,zip_mailing,street_location,city_location,state_location,zip_location,phone,fips_x,latitude_x,longitude_x,csa,cbsa,urban_centric_locale,county_code,school_level,school_type,school_status,lowest_grade_offered,highest_grade_offered,bureau_indian_education,title_i_status,title_i_eligible,title_i_schoolwide,charter,magnet,shared_time,virtual,teachers_fte,free_lunch,reduced_price_lunch,free_or_reduced_price_lunch,elem_cedp,high_cedp,middle_cedp,ungrade_cedp,enrollment,state_leg_district_lower,state_leg_district_upper,ncessch_num,congress_district_id,direct_certification,lunch_program,schoolid_cps,schoolname_cps,fullname_cps,schoolname2_cps,isbe_name_cps,street_number_cps,street_direction_cps,street_name_cps,city_cps,state_cps,zip_cps,cps_unit_cps,oracleid_cps,school_category_cps,community_area_number_cps,community_area_cps,geographicarea_cps,geographic_area_number_cps,cook_county_district_cps,census_block_cps,latitude_cps,longitude_cps,ncessch_num_cps,ncessch_cps,census_tract_cps,cps_ccd_cw_merge,cw_not_in_cps_col_enrl,crdc_id,year_y,fips_y,leaid_y,enrollment_crdc,teachers_certified_fte_crdc,counselors_fte_crdc,law_enforcement_fte_crdc,salaries_crdc,enrl_AP_crdc,enrl_AP_science_crdc,enrl_AP_math_crdc,enrl_AP_other_crdc,enrl_AP_language_crdc,crdc_not_matched,pov_rate,tot_hhld,tot_hhld_int,unemp_rate_25_64,internet_rate,emp_rate_25_64,above_pov_rate,census_tract_x,acs_not_matched,oracle_id,school_name_y,FY 2017 Ending Budget,cps_budget_not_in_cps_col_enrl,food_stamps,median_earnings,census_tract_y,inc_fs_not_matched,year,date,statefips,countyfips,ctfips,latitude_y,longitude_y,ds_pm_pred,ds_pm_stdd,aqi_not_matched
400022,CHIARTS HS,126,96,76.2,2017,1.70993E+11,6058,Chicago HS for the Arts,1709930,City of Chicago SD 299,IL-15-016-2990-25,1.50163E+12,2714 W Augusta Blvd,Chicago,IL,60622,2714 W Augusta Blvd,Chicago,IL,60622,(773)534-9710,Illinois,41.899534,-87.695034,176,16980,City large,17031,High,Regular school,Open,9,12,,School is not eligible for either Title I Targeted Assistance or Schoolwide program,No,No,No,Yes,No,No,,275,0,275,No,Yes,No,No,612,17004,17002,1.70993E+11,1704,,Yes under the Community Eligibility Provision (CEP),400022,Chgo Arts Contr HS,Chicago High School for the Arts,Chgo Arts Contr HS,Chicago HS for the Arts,521,E,35th St,Chicago,IL,60616i,8047,63051,HS,35,Douglas,Bronzeville,15,3,1.70314E+14,41.83114497,-87.61362868,1.70993E+11,1.70993E+11,17031351000,both,both,1.70993E+11,2017,Illinois,1709930,620,39,2,0,3247853.75,255,25,17,249,0,both,25.5,2335,1899,5.7,81.32762313,94.3,74.5,17031351000,both,63051,Chicago High School for the Arts,5879136,both,136,45978,17031351000,both,2016,1-Jan-16,17,31,17031351000,41.83471,-87.61091,10.1389,3.9302,both
400035,CHICAGO MATH & SCIENCE HS,86,73,84.9,2017,1.70993E+11,5092,Chicago Math & Sci Elem Charter,1709930,City of Chicago SD 299,IL-15-016-2990-25,150162990217C,7212 N Clark St,Chicago,IL,60626,7212 N Clark St,Chicago,IL,60626,(773)761-8960,Illinois,42.008825,-87.672858,176,16980,City large,17031,High,Regular school,Open,6,12,,School is eligible for Title I Schoolwide program (SWP) and provides Title I Schoolwide program,Yes,Yes,Yes,Yes,No,No,39,554,0,554,No,Yes,Yes,No,596,17014,17007,1.70993E+11,1709,,Yes under the Community Eligibility Provision (CEP),400035,Chgo Math & Sci Acad Campus HS,Chicago Math and Science Academy High School,Chgo Math & Sci Acad Campus HS,Chicago Math & Sci Elem Charter,7212,N,Clark St,Chicago,IL,60626,7940,66281,HS,1,Rogers Park,Ravenswood,30,13,1.7031E+14,42.01303461,-87.67478186,1.70993E+11,1.70993E+11,17031010202,both,both,1.70993E+11,2017,Illinois,1709930,592,45,2,0,2232963,112,33,62,84,0,both,17.5,976,682,6.1,69.87704918,93.9,82.5,17031010202,both,66281,Chicago Math and Science Academy (CMSA) Charter School,6831023,both,250,25643,17031010202,both,2016,1-Jan-16,17,31,17031010202,42.01607,-87.67335,9.7122,3.9438,both
400091,CHICAGO TECH HS,78,44,56.4,2017,1.70993E+11,6076,Chicago Technology Academy HS,1709930,City of Chicago SD 299,IL-15-016-2990-25,1.50163E+12,1301 W 14th St,Chicago,IL,60608,1301 W 14th St,Chicago,IL,60608,(773)534-7755,Illinois,41.863183,-87.659626,176,16980,City large,17031,High,Regular school,Open,9,12,,School is eligible for Title I Schoolwide program (SWP) and provides Title I Schoolwide program,Yes,Yes,No,No,No,No,22,223,0,223,No,Yes,No,No,241,17009,17005,1.70993E+11,1707,,Yes under the Community Eligibility Provision (CEP),400091,Chicago Tech Academy,Chicago Technology Academy High School,Chicago Tech Academy,Chicago Technology Academy HS,1301,W,14th St,Chicago,IL,60608,8022,63091,HS,28,Near West Side,Near West,23,2,1.70318E+14,41.86332884,-87.65909602,1.70993E+11,1.70993E+11,17031842900,both,both,1.70993E+11,2017,Illinois,1709930,240,23,1,0,2236946,37,0,0,36,0,both,36.3,1148,538,7.2,46.8641115,92.8,63.7,17031842900,both,63091,Chicago Technology Academy High School,3339878,both,429,24038,17031842900,both,2016,1-Jan-16,17,31,17031842900,41.86315,-87.67292,9.8363,3.6836,both
400094,EPIC HS,76,64,84.2,2017,1.70993E+11,6088,EPIC Academy High School,1709930,City of Chicago SD 299,IL-15-016-2990-25,150162990015C,8255 S Houston Ave,Chicago,IL,60617,8255 S Houston Ave,Chicago,IL,60617,(773)535-7930,Illinois,41.744942,-87.549779,176,16980,City large,17031,High,Regular school,Open,9,12,,School is eligible for Title I Schoolwide program (SWP) and provides Title I Schoolwide program,Yes,Yes,Yes,No,No,No,1,518,0,518,No,Yes,No,No,538,17025,17013,1.70993E+11,1702,,Yes under the Community Eligibility Provision (CEP),400094,Epic Chtr HS,EPIC Academy High School,Epic Chtr HS,EPIC Academy High School,8255,S,Houston Ave,Chicago,IL,60617,8058,63081,HS,46,South Chicago,South Shore,11,4,1.70315E+14,41.74484818,-87.55025899,1.70993E+11,1.70993E+11,17031460100,both,both,1.70993E+11,2017,Illinois,1709930,541,29,1,0,3436328,32,0,0,32,0,both,40.5,1105,746,20.3,67.51131222,79.7,59.5,17031460100,both,63081,EPIC Academy,5988562,both,489,25115,17031460100,both,2016,1-Jan-16,17,31,17031460100,41.7431,-87.53993,10.3656,4.0998,both
400147,CAMELOT - EXCEL HS,75,17,22.7,2017,1.70993E+11,6219,Chicago Excel Academy HS,1709930,City of Chicago SD 299,IL-15-016-2990-25,1.50163E+12,1257 W 111th St,Chicago,IL,60643,1257 W 111th St,Chicago,IL,60643,(773)629-8379,Illinois,41.69194,-87.654321,176,16980,City large,17031,High,Regular school,Open,9,12,,School is eligible for Title I Schoolwide program (SWP) and provides Title I Schoolwide program,Yes,Yes,No,No,No,No,,277,0,277,No,Yes,No,No,281,17027,17014,1.70993E+11,1701,,Yes under the Community Eligibility Provision (CEP),400147,Chicago Excel Contr Acad,Chicago Excel Academy,Chicago Excel Contr Acad,Chicago Excel Acad,1269,W,111th St,Chicago,IL,60643,9066,63141,HS,75,Morgan Park,Far South Side,22,4,1.70318E+14,41.69215764,-87.65446453,1.70993E+11,1.70993E+11,17031750600,both,both,1.70993E+11,2017,Illinois,1709930,300,11,1.48,0,1927247,0,0,0,0,0,both,33.7,1208,696,13.2,57.61589404,86.8,66.3,17031750600,both,63141,Chicago Excel/Camelot,3002939,both,443,24271,17031750600,both,2016,1-Jan-16,17,31,17031750600,41.68863,-87.65207,9.8593,3.6794,both
609674,CHICAGO VOCATIONAL HS,217,98,45.2,2017,1.70993E+11,943,Chicago Vocational Career Acad HS,1709930,City of Chicago SD 299,IL-15-016-2990-25,1.50163E+12,2100 E 87th St,Chicago,IL,60617,2100 E 87th St,Chicago,IL,60617,(773)535-6100,Illinois,41.737729,-87.572866,176,16980,City large,17031,High,Regular school,Open,9,12,,School is eligible for Title I Schoolwide program (SWP) and provides Title I Schoolwide program,Yes,Yes,No,No,No,No,48,827,0,827,No,Yes,No,No,861,17033,17017,1.70993E+11,1702,,Yes under the Community Eligibility Provision (CEP),609674,Chicago Vocational HS,Chicago Vocational Career Academy High School,Chicago Vocational HS,Chicago Vocational Career Acad HS,2100,E,87th St,Chicago,IL,60617,1010,53011,HS,45,Avalon Park,Chatham,12,4,1.70315E+14,41.84596533,-87.68554722,1.70993E+11,1.70993E+11,17031450300,both,both,1.70993E+11,2017,Illinois,1709930,880,53,4,0,4733731.5,54,0,0,54,0,both,16.2,1361,901,15.3,66.20132256,84.7,83.8,17031450300,both,53011,Chicago Vocational Career Academy,11034938,both,356,30176,17031450300,both,2016,1-Jan-16,17,31,17031450300,41.74194,-87.57907,10.2797,3.9834,both
609676,DUNBAR HS,151,78,51.7,2017,1.70993E+11,588,Dunbar Vocational Career Acad HS,1709930,City of Chicago SD 299,IL-15-016-2990-25,1.50163E+12,3000 S King Dr,Chicago,IL,60616,3000 S King Dr,Chicago,IL,60616,(773)534-9000,Illinois,41.839591,-87.618741,176,16980,City large,17031,High,Regular school,Open,9,12,,School is eligible for Title I Schoolwide program (SWP) and provides Title I Schoolwide program,Yes,Yes,No,No,No,No,28,437,0,437,No,Yes,No,No,439,17005,17003,1.70993E+11,1701,,Yes under the Community Eligibility Provision (CEP),609676,Dunbar HS,Paul Laurence Dunbar Career Academy High School,Dunbar HS,Dunbar Vocational Career Acad HS,3000,S,King Dr,Chicago,IL,60616,1030,53021,HS,35,Douglas,Bronzeville,15,3,1.70318E+14,41.88751636,-87.70216585,1.70993E+11,1.70993E+11,17031839200,both,both,1.70993E+11,2017,Illinois,1709930,457,35,1,5,2850257.75,0,0,0,0,0,both,22.2,1418,1073,9.1,75.66995769,90.9,77.8,17031839200,both,53021,Dunbar Vocational Career Academy,7836177,both,304,28500,17031839200,both,2016,1-Jan-16,17,31,17031839200,41.84202,-87.62204,9.9915,4.0702,both
609678,JONES HS,430,382,88.8,2017,1.70993E+11,990,Jones College Prep High School,1709930,City of Chicago SD 299,IL-15-016-2990-25,1.50163E+12,700 S State St,Chicago,IL,60605,700 S State St,Chicago,IL,60605,(773)534-8600,Illinois,41.874066,-87.628054,176,16980,City large,17031,High,Regular school,Open,9,12,,School is not eligible for either Title I Targeted Assistance or Schoolwide program,No,No,No,Yes,No,No,100,735,0,735,No,Yes,No,No,1861,17006,17003,1.70993E+11,1707,,Yes under the Community Eligibility Provision (CEP),609678,Jones HS,William Jones College Preparatory High School,Jones HS,Jones College Prep High School,700,S,State St,Chicago,IL,60605,1060,47021,HS,32,Loop,Loop,1,2,1.70318E+14,41.7371465,-87.5732668,1.70993E+11,1.70993E+11,17031839000,both,both,1.70993E+11,2017,Illinois,1709930,1865,109.6,7,0,8996421,1210,310,268,1081,0,both,20.2,4720,4022,2.9,85.21186441,97.1,79.8,17031839000,both,47021,William Jones College Prep High School,14343535,both,335,60016,17031839000,both,2016,1-Jan-16,17,31,17031839000,41.87108,-87.63137,10.1048,3.8969,both
609679,PROSSER HS,314,228,72.6,2017,1.70993E+11,681,Prosser Career Academy HS,1709930,City of Chicago SD 299,IL-15-016-2990-25,1.50163E+12,2148 N Long Ave,Chicago,IL,60639,2148 N Long Ave,Chicago,IL,60639,(773)534-3200,Illinois,41.91938,-87.761802,176,16980,City large,17031,High,Regular school,Open,9,12,,School is eligible for Title I Schoolwide program (SWP) and provides Title I Schoolwide program,Yes,Yes,No,No,No,No,79,1292,0,1292,No,Yes,No,No,1395,17003,17002,1.70993E+11,1704,,Yes under the Community Eligibility Provision (CEP),609679,Prosser HS,Charles Allen Prosser Career Academy High School,Prosser HS,Prosser Career Academy HS,2148,N,Long Ave,Chicago,IL,60639,1070,53041,HS,19,Belmont Cragin,Belmont Cragin,26,8,1.70312E+14,41.84022611,-87.61760075,1.70993E+11,1.70993E+11,17031191200,both,both,1.70993E+11,2017,Illinois,1709930,1394,85.7,3.5,0,6643762,286,0,0,287,0,both,30.2,988,528,3.9,53.44129555,96.1,69.8,17031191200,both,53041,Charles Allen Prosser Career Academy,13656595,both,211,22686,17031191200,both,2016,1-Jan-16,17,31,17031191200,41.9201,-87.76078,9.6087,3.5015,both
609682,RICHARDS HS,42,20,47.6,2017,1.70993E+11,718,Richards Career Academy HS,1709930,City of Chicago SD 299,IL-15-016-2990-25,1.50163E+12,5009 S Laflin St,Chicago,IL,60609,5009 S Laflin St,Chicago,IL,60609,(773)535-4945,Illinois,41.802843,-87.662097,176,16980,City large,17031,High,Regular school,Open,9,12,,School is eligible for Title I Schoolwide program (SWP) and provides Title I Schoolwide program,Yes,Yes,No,No,No,No,15,213,0,213,No,Yes,No,No,217,17006,17003,1.70993E+11,1707,,Yes under the Community Eligibility Provision (CEP),609682,Richards HS,Ellen H Richards Career Academy High School,Richards HS,Richards Career Academy HS,5009,S,Laflin St,Chicago,IL,60609,1110,53051,HS,61,New City,McKinley Park,17,7,1.70316E+14,41.92006006,-87.76101158,1.70993E+11,1.70993E+11,17031611200,both,both,1.70993E+11,2017,Illinois,1709930,217,16,1,0,1497494.625,0,0,0,0,0,both,42.2,708,379,14.1,53.53107345,85.9,57.8,17031611200,both,53051,Ellen H Richards Career Academy,3326017,both,241,16722,17031611200,both,2016,1-Jan-16,17,31,17031611200,41.80503,-87.6624,9.9797,3.7125,both
609691,NORTH-GRAND HS,184,126,68.5,2017,1.70993E+11,5074,North-Grand High School,1709930,City of Chicago SD 299,IL-15-016-2990-25,1.50163E+12,4338 W Wabansia Ave,Chicago,IL,60639,4338 W Wabansia Ave,Chicago,IL,60639,(773)534-8520,Illinois,41.912521,-87.735313,176,16980,City large,17031,High,Regular school,Open,9,12,,School is eligible for Title I Schoolwide program (SWP) and provides Title I Schoolwide program,Yes,Yes,No,No,No,No,57,922,0,922,No,Yes,No,No,968,17004,17002,1.70993E+11,1704,,Yes under the Community Eligibility Provision (CEP),609691,North-grand HS,North-Grand High School,North-grand HS,North-Grand High School,4338,W,Wabansia Ave,Chicago,IL,60639,1140,46431,HS,23,Humboldt Park,Humboldt Park,21,8,1.70312E+14,41.90154615,-87.63446373,1.70993E+11,1.70993E+11,17031230500,both,both,1.70993E+11,2017,Illinois,1709930,960,63,4,0,5013560.5,136,24,0,122,0,both,38.2,1124,702,2.8,62.45551601,97.2,61.8,17031230500,both,46431,North Grand High School,9469949,both,433,23232,17031230500,both,2016,1-Jan-16,17,31,17031230500,41.9117,-87.73394,9.6941,3.4654,both
609692,SIMEON HS,303,202,66.7,2017,1.70993E+11,758,Simeon Career Academy High School,1709930,City of Chicago SD 299,IL-15-016-2990-25,1.50163E+12,8147 S Vincennes Ave,Chicago,IL,60620,8147 S Vincennes Ave,Chicago,IL,60620,(773)535-3200,Illinois,41.74549,-87.634742,176,16980,City large,17031,High,Regular school,Open,9,12,,School is eligible for Title I Schoolwide program (SWP) and provides Title I Schoolwide program,Yes,Yes,No,No,No,No,66,1212,0,1212,No,Yes,No,No,1335,17031,17016,1.70993E+11,1701,,Yes under the Community Eligibility Provision (CEP),609692,Simeon HS,Neal F Simeon Career Academy High School,Simeon HS,Simeon Career Academy High School,8147,S,Vincennes Ave,Chicago,IL,60620,1150,53061,HS,44,Chatham,Auburn Gresham,5,4,1.70318E+14,41.80288087,-87.66231452,1.70993E+11,1.70993E+11,17031842400,both,both,1.70993E+11,2017,Illinois,1709930,1335,71,2,0,6499405.5,0,0,0,0,0,both,26.1,1275,912,22.1,71.52941176,77.9,73.9,17031842400,both,53061,Neal F Simeon Vocational High School,12474172,both,278,28821,17031842400,both,2016,1-Jan-16,17,31,17031842400,41.74248,-87.63002,10.0512,3.8845,both
609694,HANCOCK HS,200,162,81,2017,1.70993E+11,1980,Hancock College Preparatory HS,1709930,City of Chicago SD 299,IL-15-016-2990-25,1.50163E+12,4034 W 56th St,Chicago,IL,60629,4034 W 56th St,Chicago,IL,60629,(773)535-2410,Illinois,41.791703,-87.724928,176,16980,City large,17031,High,Regular school,Open,9,12,,School is eligible for Title I Schoolwide program (SWP) and provides Title I Schoolwide program,Yes,Yes,No,Yes,No,No,52,835,0,835,No,Yes,No,No,967,17022,17011,1.70993E+11,1703,,Yes under the Community Eligibility Provision (CEP),609694,Hancock HS,John Hancock College Preparatory High School,Hancock HS,Hancock College Preparatory HS,4034,W,56th St,Chicago,IL,60629,1200,46021,HS,62,West Elsdon,McKinley Park,17,7,1.70316E+14,41.74578671,-87.63544628,1.70993E+11,1.70993E+11,17031620300,both,both,1.70993E+11,2017,Illinois,1709930,971,57.5,3,0,4828365,349,50,36,323,0,both,9.9,1993,1578,8.2,79.17711992,91.8,90.1,17031620300,both,46021,Hancock High School,8207701,both,448,28426,17031620300,both,2016,1-Jan-16,17,31,17031620300,41.78951,-87.73045,9.8276,3.5142,both
609695,AMUNDSEN HS,225,159,70.7,2017,1.70993E+11,587,Amundsen High School,1709930,City of Chicago SD 299,IL-15-016-2990-25,1.50163E+12,5110 N Damen Ave,Chicago,IL,60625,5110 N Damen Ave,Chicago,IL,60625,(773)534-2320,Illinois,41.975232,-87.680089,176,16980,City large,17031,High,Regular school,Open,9,12,,School is eligible for Title I Schoolwide program (SWP) and provides Title I Schoolwide program,Yes,Yes,No,No,No,No,64,1023,0,1023,No,Yes,No,No,1227,17013,17007,1.70993E+11,1705,,Yes under the Community Eligibility Provision (CEP),609695,Amundsen HS,Roald Amundsen High School,Amundsen HS,Amundsen High School,5110,N,Damen Ave,Chicago,IL,60625,1210,46031,HS,4,Lincoln Square,Ravenswood,30,12,1.7031E+14,41.89000464,-87.70733287,1.70993E+11,1.70993E+11,17031040402,both,both,1.70993E+11,2017,Illinois,1709930,1226,75,3,0,6422065.5,45,0,29,16,0,both,6.9,2479,2391,2.7,96.45018152,97.3,93.1,17031040402,both,46031,Roald Amundsen High School,11637203,both,140,57849,17031040402,both,2016,1-Jan-16,17,31,17031040402,41.9725,-87.67874,9.7316,3.9025,both
609698,BOGAN HS,160,93,58.1,2017,1.70993E+11,626,Bogan High School,1709930,City of Chicago SD 299,IL-15-016-2990-25,1.50163E+12,3939 W 79th St,Chicago,IL,60652,3939 W 79th St,Chicago,IL,60652,(773)535-2180,Illinois,41.748598,-87.720583,176,16980,City large,17031,High,Regular school,Open,9,12,,School is eligible for Title I Schoolwide program (SWP) and provides Title I Schoolwide program,Yes,Yes,No,No,No,No,46,719,0,719,No,Yes,No,No,778,17032,17016,1.70993E+11,1701,,Yes under the Community Eligibility Provision (CEP),609698,Bogan HS,William J Bogan High School,Bogan HS,Bogan High School,3939,W,79th St,Chicago,IL,60652,1230,46041,HS,70,Ashburn,Ashburn,6,11,1.70317E+14,41.79143647,-87.72446996,1.70993E+11,1.70993E+11,17031700401,both,both,1.70993E+11,2017,Illinois,1709930,781,56,1,2,4260358.5,0,0,0,0,0,both,15,1857,1380,8,74.31340872,92,85,17031700401,both,46041,William J Bogan Computer Technical High School,9157882,both,415,32458,17031700401,both,2016,1-Jan-16,17,31,17031700401,41.74554,-87.71203,9.7969,3.6026,both
609704,FARRAGUT HS,170,79,46.5,2017,1.70993E+11,788,Farragut Career Academy HS,1709930,City of Chicago SD 299,IL-15-016-2990-25,1.50163E+12,2345 S Christiana Av,Chicago,IL,60623,2345 S Christiana Av,Chicago,IL,60623,(773)534-1300,Illinois,41.849562,-87.708282,176,16980,City large,17031,High,Regular school,Open,9,12,,School is eligible for Title I Schoolwide program (SWP) and provides Title I Schoolwide program,Yes,Yes,No,No,No,No,51,724,0,724,No,Yes,No,No,728,17021,17011,1.70993E+11,1704,,Yes under the Community Eligibility Provision (CEP),609704,Farragut HS,David G Farragut Career Academy High School,Farragut HS,Farragut Career Academy HS,2345,S,Christiana Ave,Chicago,IL,60623,1300,53091,HS,30,South Lawndale,Pilsen - Little Village,16,7,1.70313E+14,41.74940305,-87.72109816,1.70993E+11,1.70993E+11,17031300800,both,both,1.70993E+11,2017,Illinois,1709930,728,59,2,1,4645916.5,17,0,0,17,0,both,42,1103,537,6.1,48.68540345,93.9,58,17031300800,both,53091,David G Farragut Career Academy High School,10052878,both,540,18619,17031300800,both,2016,1-Jan-16,17,31,17031300800,41.84813,-87.70758,9.8624,3.6215,both
609705,FENGER HS,51,25,49,2017,1.70993E+11,792,Fenger Academy High School,1709930,City of Chicago SD 299,IL-15-016-2990-25,1.50163E+12,11220 S Wallace St,Chicago,IL,60628,11220 S Wallace St,Chicago,IL,60628,(773)535-5430,Illinois,41.689552,-87.637839,176,16980,City large,17031,High,Regular school,Open,9,12,,School is eligible for Title I Schoolwide program (SWP) and provides Title I Schoolwide program,Yes,Yes,No,No,No,No,13,238,0,238,No,Yes,No,No,244,17028,17014,1.70993E+11,1702,,Yes under the Community Eligibility Provision (CEP),609705,Fenger HS,Christian Fenger Academy High School,Fenger HS,Fenger Academy High School,11220,S,Wallace St,Chicago,IL,60628,1310,46111,HS,49,Roseland,Far South Side,22,5,1.70315E+14,41.87752873,-87.68324895,1.70993E+11,1.70993E+11,17031491200,both,both,1.70993E+11,2017,Illinois,1709930,251,13,1,0,1526499.125,0,0,0,0,0,both,27.4,694,485,19.8,69.88472622,80.2,72.6,17031491200,both,46111,Christian Fenger Academy,3762467,both,212,24266,17031491200,both,2016,1-Jan-16,17,31,17031491200,41.68879,-87.63746,10.0796,3.7659,both
609708,FOREMAN HS,205,112,54.6,2017,1.70993E+11,799,Foreman High School,1709930,City of Chicago SD 299,IL-15-016-2990-25,1.50163E+12,3235 N Leclaire Ave,Chicago,IL,60641,3235 N Leclaire Ave,Chicago,IL,60641,(773)534-3400,Illinois,41.939595,-87.753937,176,16980,City large,17031,High,Regular school,Open,9,12,,School is eligible for Title I Schoolwide program (SWP) and provides Title I Schoolwide program,Yes,Yes,No,No,No,No,43,765,0,765,No,Yes,No,No,798,17039,17020,1.70993E+11,1704,,Yes under the Community Eligibility Provision (CEP),609708,Foreman HS,Edwin G Foreman High School,Foreman HS,Foreman High School,3235,N,LeClaire Ave,Chicago,IL,60641,1330,46131,HS,15,Portage Park,Albany Irving,27,12,1.70312E+14,41.68995131,-87.63753545,1.70993E+11,1.70993E+11,17031151001,both,both,1.70993E+11,2017,Illinois,1709930,792,52,2,0,4318621,15,0,0,15,0,both,19.8,884,566,5.3,64.02714932,94.7,80.2,17031151001,both,46131,Edwin G. Foreman College and Career Academy,10672391,both,174,30292,17031151001,both,2016,1-Jan-16,17,31,17031151001,41.9424,-87.75434,9.679,3.5324,both
609709,GAGE PARK HS,66,27,40.9,2017,1.70993E+11,809,Gage Park High School,1709930,City of Chicago SD 299,IL-15-016-2990-25,1.50163E+12,5630 S Rockwell St,Chicago,IL,60629,5630 S Rockwell St,Chicago,IL,60629,(773)535-9230,Illinois,41.79102,-87.689367,176,16980,City large,17031,High,Regular school,Open,9,12,,School is eligible for Title I Schoolwide program (SWP) and provides Title I Schoolwide program,Yes,Yes,No,No,No,No,22,328,0,328,No,Yes,No,No,330,17001,17001,1.70993E+11,1703,,Yes under the Community Eligibility Provision (CEP),609709,Gage Park HS,Gage Park High School,Gage Park HS,Gage Park High School,5630,S,Rockwell St,Chicago,IL,60629,1340,46141,HS,63,Gage Park,McKinley Park,17,7,1.70318E+14,41.76971342,-87.63718937,1.70993E+11,1.70993E+11,17031835100,both,both,1.70993E+11,2017,Illinois,1709930,329,24,1,0,1912312.625,53,0,0,53,0,both,22.7,1348,938,19.8,69.58456973,80.2,77.3,17031835100,both,46141,Gage Park High School,6417880,both,446,23046,17031835100,both,2016,1-Jan-16,17,31,17031835100,41.79021,-87.68631,9.9719,3.7955,both
609710,HARLAN HS,138,86,62.3,2017,1.70993E+11,851,Harlan Community Academy HS,1709930,City of Chicago SD 299,IL-15-016-2990-25,1.50163E+12,9652 S Michigan Ave,Chicago,IL,60628,9652 S Michigan Ave,Chicago,IL,60628,(773)535-5400,Illinois,41.71875,-87.621348,176,16980,City large,17031,High,Regular school,Open,9,12,,School is eligible for Title I Schoolwide program (SWP) and provides Title I Schoolwide program,Yes,Yes,No,No,No,No,25,369,0,369,No,Yes,No,No,382,17034,17017,1.70993E+11,1701,,Yes under the Community Eligibility Provision (CEP),609710,Harlan HS,John M Harlan Community Academy High School,Harlan HS,Harlan Community Academy HS,9652,S,Michigan Ave,Chicago,IL,60628,1350,51021,HS,49,Roseland,Chatham,12,4,1.70315E+14,41.93979614,-87.75420329,1.70993E+11,1.70993E+11,17031490500,both,both,1.70993E+11,2017,Illinois,1709930,386,27,1,0,2646353.5,0,0,0,0,0,both,15.1,729,544,20.3,74.62277092,79.7,84.9,17031490500,both,51021,Harlan Community Academy High School,6872795,both,189,25455,17031490500,both,2016,1-Jan-16,17,31,17031490500,41.71793,-87.61321,10.1247,3.8834,both
609711,HARPER HS,36,23,63.9,2017,1.70993E+11,852,Harper High School,1709930,City of Chicago SD 299,IL-15-016-2990-25,1.50163E+12,6520 S Wood St,Chicago,IL,60636,6520 S Wood St,Chicago,IL,60636,(773)535-9150,Illinois,41.775322,-87.669837,176,16980,City large,17031,High,Regular school,Open,9,12,,School is eligible for Title I Schoolwide program (SWP) and provides Title I Schoolwide program,Yes,Yes,No,No,No,No,10,131,0,131,No,Yes,No,No,133,17006,17003,1.70993E+11,1707,,Yes under the Community Eligibility Provision (CEP),609711,Harper HS,William Rainey Harper High School,Harper HS,Harper High School,6520,S,Wood St,Chicago,IL,60636,1360,46151,HS,67,West Englewood,Englewood,4,2,1.70317E+14,41.79101341,-87.68891728,1.70993E+11,1.70993E+11,17031671300,both,both,1.70993E+11,2017,Illinois,1709930,134,10,1,1,1423875.125,0,0,0,0,0,both,24.4,606,292,30.7,48.18481848,69.3,75.6,17031671300,both,46151,Harper High School,3616671,both,276,20599,17031671300,both,2016,1-Jan-16,17,31,17031671300,41.7739,-87.67134,9.9751,3.8245,both
609712,HIRSCH HS,32,15,46.9,2017,1.70993E+11,879,Hirsch Metropolitan High School,1709930,City of Chicago SD 299,IL-15-016-2990-25,1.50163E+12,7740 S Ingleside Ave,Chicago,IL,60619,7740 S Ingleside Ave,Chicago,IL,60619,(773)535-3100,Illinois,41.753954,-87.601929,176,16980,City large,17031,High,Regular school,Open,9,12,,School is eligible for Title I Schoolwide program (SWP) and provides Title I Schoolwide program,Yes,Yes,No,Yes,No,No,7,135,0,135,No,Yes,No,No,136,17005,17003,1.70993E+11,1701,,Yes under the Community Eligibility Provision (CEP),609712,Hirsch HS,Emil G Hirsch Metropolitan High School,Hirsch HS,Hirsch Metropolitan High School,7740,S,Ingleside Ave,Chicago,IL,60619,1380,47031,HS,69,Greater Grand Crossing,South Shore,11,3,1.70317E+14,41.7183728,-87.62058681,1.70993E+11,1.70993E+11,17031691500,both,both,1.70993E+11,2017,Illinois,1709930,137,12,1,0,1038801.938,1,0,0,1,0,both,37.1,781,379,25.2,48.52752881,74.8,62.9,17031691500,both,47031,Emil G Hirsch Metropolitan High School,3646071,both,401,23819,17031691500,both,2016,1-Jan-16,17,31,17031691500,41.75506,-87.60029,10.2714,4.0389,both
609713,HYDE PARK HS,116,81,69.8,2017,1.70993E+11,893,Hyde Park Academy High School,1709930,City of Chicago SD 299,IL-15-016-2990-25,1.50163E+12,6220 S Stony Island,Chicago,IL,60637,6220 S Stony Island,Chicago,IL,60637,(773)535-0880,Illinois,41.78211,-87.587269,176,16980,City large,17031,High,Regular school,Open,9,12,,School is eligible for Title I Schoolwide program (SWP) and provides Title I Schoolwide program,Yes,Yes,No,No,No,No,45,839,0,839,No,Yes,No,No,850,17025,17013,1.70993E+11,1701,,Yes under the Community Eligibility Provision (CEP),609713,Hyde Park HS,Hyde Park Academy High School,Hyde Park HS,Hyde Park Academy High School,6220,S,Stony Island Ave,Chicago,IL,60637,1390,46171,HS,42,Woodlawn,Woodlawn,13,3,1.70314E+14,41.77512466,-87.66905264,1.70993E+11,1.70993E+11,17031420100,both,both,1.70993E+11,2017,Illinois,1709930,856,54,2,2,4205745,43,0,0,43,0,both,35,740,469,7.1,63.37837838,92.9,65,17031420100,both,46171,Hyde Park Career Academy,8565506,both,354,24175,17031420100,both,2016,1-Jan-16,17,31,17031420100,41.78297,-87.58248,10.1916,4.1347,both
609715,KELLY HS,439,284,64.7,2017,1.70993E+11,920,Kelly High School,1709930,City of Chicago SD 299,IL-15-016-2990-25,1.50163E+12,4136 S California Av,Chicago,IL,60632,4136 S California Av,Chicago,IL,60632,(773)535-4900,Illinois,41.818178,-87.694838,176,16980,City large,17031,High,Regular school,Open,9,12,,School is eligible for Title I Schoolwide program (SWP) and provides Title I Schoolwide program,Yes,Yes,No,No,No,No,98,1807,0,1807,No,Yes,No,No,1881,17021,17011,1.70993E+11,1704,,Yes under the Community Eligibility Provision (CEP),609715,Kelly HS,Thomas Kelly High School,Kelly HS,Kelly High School,4136,S,California Ave,Chicago,IL,60632,1400,46181,HS,58,Brighton Park,McKinley Park,17,7,1.70316E+14,41.75374887,-87.60169064,1.70993E+11,1.70993E+11,17031580501,both,both,1.70993E+11,2017,Illinois,1709930,1891,122,4,0,9806303,168,40,27,132,0,both,27.7,1379,868,8.8,62.94416244,91.2,72.3,17031580501,both,46181,Thomas Kelly High School,20742829,both,389,23895,17031580501,both,2016,1-Jan-16,17,31,17031580501,41.82,-87.69949,9.879,3.6021,both
609716,KELVYN PARK HS,88,36,40.9,2017,1.70993E+11,923,Kelvyn Park High School,1709930,City of Chicago SD 299,IL-15-016-2990-25,1.50163E+12,4343 W Wrightwood Av,Chicago,IL,60639,4343 W Wrightwood Av,Chicago,IL,60639,(773)534-4200,Illinois,41.92744,-87.736051,176,16980,City large,17031,High,Regular school,Open,7,12,,School is eligible for Title I Schoolwide program (SWP) and provides Title I Schoolwide program,Yes,Yes,No,No,No,No,24,441,0,441,No,Yes,Yes,No,459,17039,17020,1.70993E+11,1704,,Yes under the Community Eligibility Provision (CEP),609716,Kelvyn Park HS,Kelvyn Park High School,Kelvyn Park HS,Kelvyn Park High School,4343,W,Wrightwood Ave,Chicago,IL,60639,1410,46191,HS,20,Hermosa,Logan,9,8,1.70312E+14,41.78225743,-87.58657835,1.70993E+11,1.70993E+11,17031200200,both,both,1.70993E+11,2017,Illinois,1709930,451,31.5,1.5,0,2491887.5,56,24,0,44,0,both,19.7,1596,1048,3.4,65.6641604,96.6,80.3,17031200200,both,46191,Kelvyn Park High School,6340474,both,449,24766,17031200200,both,2016,1-Jan-16,17,31,17031200200,41.92789,-87.73563,9.7321,3.5006,both
609718,KENNEDY HS,340,236,69.4,2017,1.70993E+11,924,Kennedy High School,1709930,City of Chicago SD 299,IL-15-016-2990-25,1.50163E+12,6325 W 56th St,Chicago,IL,60638,6325 W 56th St,Chicago,IL,60638,(773)535-2325,Illinois,41.790206,-87.780788,176,16980,City large,17031,High,Regular school,Open,9,12,,School is eligible for Title I Schoolwide program (SWP) and provides Title I Schoolwide program,Yes,Yes,No,No,No,No,96,1266,0,1266,No,Yes,No,No,1688,17022,17011,1.70993E+11,1703,,Yes under the Community Eligibility Provision (CEP),609718,Kennedy HS,John F Kennedy High School,Kennedy HS,Kennedy High School,6325,W,56th St,Chicago,IL,60638,1420,46201,HS,56,Garfield Ridge,MDW,7,11,1.70316E+14,41.81872965,-87.69460198,1.70993E+11,1.70993E+11,17031561100,both,both,1.70993E+11,2017,Illinois,1709930,1691,108,5,0,7503292,213,18,7,200,0,both,3.8,1877,1406,5.9,74.90676612,94.1,96.2,17031561100,both,46201,John F Kennedy High School,15442674,both,177,40117,17031561100,both,2016,1-Jan-16,17,31,17031561100,41.78889,-87.77195,9.746,3.4605,both
609719,LAKE VIEW HS,269,178,66.2,2017,1.70993E+11,941,Lake View High School,1709930,City of Chicago SD 299,IL-15-016-2990-25,1.50163E+12,4015 N Ashland Ave,Chicago,IL,60613,4015 N Ashland Ave,Chicago,IL,60613,(773)534-5440,Illinois,41.955475,-87.668633,176,16980,City large,17031,High,Regular school,Open,9,12,,School is eligible for Title I Schoolwide program (SWP) and provides Title I Schoolwide program,Yes,Yes,No,No,No,No,78,1127,0,1127,No,Yes,No,No,1391,17011,17006,1.70993E+11,1705,,Yes under the Community Eligibility Provision (CEP),609719,Lake View HS,Lake View High School,Lake View HS,Lake View High School,4015,N,Ashland Ave,Chicago,IL,60613,1430,46211,HS,6,Lake View,Ravenswood,30,12,1.70311E+14,41.92794584,-87.73599952,1.70993E+11,1.70993E+11,17031060100,both,both,1.70993E+11,2017,Illinois,1709930,1389,87.5,5,2,6666651,254,0,33,240,0,both,5.3,1227,1118,1.6,91.11654442,98.4,94.7,17031060100,both,46211,Lake View High School,12478124,both,38,62577,17031060100,both,2016,1-Jan-16,17,31,17031060100,41.95756,-87.66663,9.786,3.797,both
609720,LANE TECH HS,850,787,92.6,2017,1.70993E+11,942,Lane Technical High School,1709930,City of Chicago SD 299,IL-15-016-2990-25,1.50163E+12,2501 W Addison St,Chicago,IL,60618,2501 W Addison St,Chicago,IL,60618,(773)534-5400,Illinois,41.945356,-87.690624,176,16980,City large,17031,High,Regular school,Open,7,12,,School is not eligible for either Title I Targeted Assistance or Schoolwide program,No,No,No,Yes,No,No,217,2100,0,2100,No,Yes,Yes,No,4429,17011,17006,1.70993E+11,1705,,Yes under the Community Eligibility Provision (CEP),609720,Lane HS,Albert G Lane Technical High School,Lane HS,Lane Technical High School,2501,W,Addison St,Chicago,IL,60618,1440,46221,HS,5,North Center,Logan,9,12,1.70318E+14,41.79048243,-87.78039472,1.70993E+11,1.70993E+11,17031843700,both,both,1.70993E+11,2017,Illinois,1709930,4441,231,10,0,19039190,3247,608,391,3173,0,both,4.9,963,810,4,84.11214953,96,95.1,17031843700,both,46221,Albert G Lane Technical High School,31323487,both,52,55938,17031843700,both,2016,1-Jan-16,17,31,17031843700,41.94463,-87.69077,9.819,3.7347,both
609722,MANLEY HS,48,20,41.7,2017,1.70993E+11,1125,Manley Career Academy High School,1709930,City of Chicago SD 299,IL-15-016-2990-25,1.50163E+12,2935 W Polk St,Chicago,IL,60612,2935 W Polk St,Chicago,IL,60612,(773)534-6900,Illinois,41.870762,-87.700024,176,16980,City large,17031,High,Regular school,Open,9,12,,School is eligible for Title I Schoolwide program (SWP) and provides Title I Schoolwide program,Yes,Yes,No,No,No,No,9,105,0,105,No,Yes,No,No,118,17009,17005,1.70993E+11,1707,,Yes under the Community Eligibility Provision (CEP),609722,Manley HS,Manley Career Academy High School,Manley HS,Manley Career Academy High School,2935,W,Polk St,Chicago,IL,60612,1460,53111,HS,27,East Garfield Park,Garfield - West Humboldt,20,2,1.70313E+14,41.95476353,-87.66898945,1.70993E+11,1.70993E+11,17031271800,both,both,1.70993E+11,2017,Illinois,1709930,114,12,1,0,1205192.375,17,0,0,17,0,both,73.7,213,111,13.7,52.11267606,86.3,26.3,17031271800,both,53111,Manley Career Community Academy High School,3128787,both,103,17400,17031271800,both,2016,1-Jan-16,17,31,17031271800,41.87151,-87.6985,9.9026,3.7218,both
609723,MARSHALL HS,76,48,63.2,2017,1.70993E+11,972,Marshall Metropolitan High School,1709930,City of Chicago SD 299,IL-15-016-2990-25,1.50163E+12,3250 W Adams St,Chicago,IL,60624,3250 W Adams St,Chicago,IL,60624,(773)534-6455,Illinois,41.878873,-87.707189,176,16980,City large,17031,High,Regular school,Open,9,12,,School is eligible for Title I Schoolwide program (SWP) and provides Title I Schoolwide program,Yes,Yes,No,Yes,No,No,24,329,0,329,No,Yes,No,No,337,17010,17005,1.70993E+11,1707,,Yes under the Community Eligibility Provision (CEP),609723,Marshall HS,John Marshall Metropolitan High School,Marshall HS,Marshall Metropolitan High School,3250,W,Adams St,Chicago,IL,60624,1470,47041,HS,27,East Garfield Park,Garfield - West Humboldt,20,1,1.70313E+14,41.94667202,-87.69101274,1.70993E+11,1.70993E+11,17031271300,both,both,1.70993E+11,2017,Illinois,1709930,341,28,0,0,2315346.75,22,0,0,22,0,both,54.7,360,237,16.9,65.83333333,83.1,45.3,17031271300,both,47041,John Marshall Metropolitan High School,5789239,both,156,24415,17031271300,both,2016,1-Jan-16,17,31,17031271300,41.87732,-87.70847,9.9531,3.6645,both
609724,MATHER HS,325,227,69.8,2017,1.70993E+11,977,Mather High School,1709930,City of Chicago SD 299,IL-15-016-2990-25,1.50163E+12,5835 N Lincoln Ave,Chicago,IL,60659,5835 N Lincoln Ave,Chicago,IL,60659,(773)534-2350,Illinois,41.988119,-87.701409,176,16980,City large,17031,High,Regular school,Open,9,12,,School is eligible for Title I Schoolwide program (SWP) and provides Title I Schoolwide program,Yes,Yes,No,No,No,No,82,1278,0,1278,No,Yes,No,No,1451,17013,17007,1.70993E+11,1705,,Yes under the Community Eligibility Provision (CEP),609724,Mather HS,Stephen T Mather High School,Mather HS,Mather High School,5835,N,Lincoln Ave,Chicago,IL,60659,1480,46241,HS,2,West Ridge,Ravenswood,30,10,1.7031E+14,41.87096639,-87.69989621,1.70993E+11,1.70993E+11,17031020701,both,both,1.70993E+11,2017,Illinois,1709930,1442,94,5,0,7191860.5,355,66,93,319,0,both,7.2,615,531,4.5,86.34146341,95.5,92.8,17031020701,both,46241,Stephen T Mather High School,14017049,both,55,35982,17031020701,both,2016,1-Jan-16,17,31,17031020701,41.98688,-87.70372,9.7432,3.663,both
609725,MORGAN PARK HS,235,154,65.5,2017,1.70993E+11,1002,Morgan Park High School,1709930,City of Chicago SD 299,IL-15-016-2990-25,1.50163E+12,1744 W Pryor Ave,Chicago,IL,60643,1744 W Pryor Ave,Chicago,IL,60643,(773)535-2550,Illinois,41.692187,-87.665682,176,16980,City large,17031,High,Regular school,Open,7,12,,School is eligible for Title I Schoolwide program (SWP) and provides Title I Schoolwide program,Yes,Yes,No,No,No,No,78,1122,0,1122,No,Yes,Yes,No,1267,17027,17014,1.70993E+11,1701,,Yes under the Community Eligibility Provision (CEP),609725,Morgan Park HS,Morgan Park High School,Morgan Park HS,Morgan Park High School,1744,W,Pryor Ave,Chicago,IL,60643,1490,46251,HS,75,Morgan Park,Beverly,3,5,1.70318E+14,41.87841665,-87.70804948,1.70993E+11,1.70993E+11,17031750500,both,both,1.70993E+11,2017,Illinois,1709930,1271,82.5,2,1,7401217.5,84,0,0,84,0,both,23.4,2087,1123,11.1,53.80929564,88.9,76.6,17031750500,both,46251,Morgan Park High School,13500215,both,327,35894,17031750500,both,2016,1-Jan-16,17,31,17031750500,41.6846,-87.67122,10.027,3.6892,both
609726,BROOKS HS,200,170,85,2017,1.70993E+11,2031,Brooks College Prep Academy HS,1709930,City of Chicago SD 299,IL-15-016-2990-25,1.50163E+12,250 E 111th St,Chicago,IL,60628,250 E 111th St,Chicago,IL,60628,(773)535-9930,Illinois,41.694049,-87.615882,176,16980,City large,17031,High,Regular school,Open,7,12,,School is eligible for Title I Schoolwide program (SWP) and provides Title I Schoolwide program,Yes,Yes,No,Yes,No,No,46,691,0,691,No,Yes,Yes,No,962,17028,17014,1.70993E+11,1702,,Yes under the Community Eligibility Provision (CEP),609726,Brooks HS,Gwendolyn Brooks College Preparatory Academy HS,Brooks HS,Brooks College Prep Academy HS,250,E,111th St,Chicago,IL,60628,1500,47051,HS,49,Roseland,Far South Side,22,5,1.70315E+14,41.98756724,-87.70251934,1.70993E+11,1.70993E+11,17031490901,both,both,1.70993E+11,2017,Illinois,1709930,961,54,4,2,4781425,627,50,87,614,0,both,16.5,1420,1013,24.7,71.33802817,75.3,83.5,17031490901,both,47051,Gwendolyn Brooks,8779490,both,499,25813,17031490901,both,2016,1-Jan-16,17,31,17031490901,41.69605,-87.61627,10.1043,3.7722,both
609727,PHILLIPS HS,92,64,69.6,2017,1.70993E+11,1061,Phillips Academy High School,1709930,City of Chicago SD 299,IL-15-016-2990-25,1.50163E+12,244 E Pershing Rd,Chicago,IL,60653,244 E Pershing Rd,Chicago,IL,60653,(773)535-1603,Illinois,41.824429,-87.619904,176,16980,City large,17031,High,Regular school,Open,9,12,,School is eligible for Title I Schoolwide program (SWP) and provides Title I Schoolwide program,Yes,Yes,No,No,No,No,38,595,0,595,No,Yes,No,No,623,17005,17003,1.70993E+11,1701,,Yes under the Community Eligibility Provision (CEP),609727,Phillips HS,Wendell Phillips Academy High School,Phillips HS,Phillips Academy High School,244,E,Pershing Rd,Chicago,IL,60653,1510,46261,HS,35,Douglas,Bronzeville,15,3,1.70318E+14,41.69201112,-87.66567557,1.70993E+11,1.70993E+11,17031839600,both,both,1.70993E+11,2017,Illinois,1709930,634,40,2,0,3086816,56,22,12,42,0,both,16.8,785,456,10.7,58.08917197,89.3,83.2,17031839600,both,46261,Wendell Phillips Academy,6817004,both,192,42038,17031839600,both,2016,1-Jan-16,17,31,17031839600,41.82745,-87.61924,10.2397,4.2373,both
609728,ROOSEVELT HS,233,154,66.1,2017,1.70993E+11,1093,Roosevelt High School,1709930,City of Chicago SD 299,IL-15-016-2990-25,1.50163E+12,3436 W Wilson Ave,Chicago,IL,60625,3436 W Wilson Ave,Chicago,IL,60625,(773)534-5000,Illinois,41.964989,-87.714552,176,16980,City large,17031,High,Regular school,Open,7,12,,School is eligible for Title I Schoolwide program (SWP) and provides Title I Schoolwide program,Yes,Yes,No,No,No,No,68,1068,0,1068,No,Yes,Yes,No,1113,17040,17020,1.70993E+11,1704,,Yes under the Community Eligibility Provision (CEP),609728,Roosevelt HS,Theodore Roosevelt High School,Roosevelt HS,Roosevelt High School,3436,W,Wilson Ave,Chicago,IL,60625,1520,46271,HS,14,Albany Park,Albany Irving,27,8,1.70311E+14,41.69273509,-87.6163519,1.70993E+11,1.70993E+11,17031140702,both,both,1.70993E+11,2017,Illinois,1709930,1099,78,2,2,5661820,97,12,0,89,0,both,23.2,2060,1413,7,68.59223301,93,76.8,17031140702,both,46271,Theodore Roosevelt High School,12326817,both,327,28096,17031140702,both,2016,1-Jan-16,17,31,17031140702,41.96356,-87.71352,9.6809,3.6612,both
609729,SCHURZ HS,437,258,59,2017,1.70993E+11,1111,Schurz High School,1709930,City of Chicago SD 299,IL-15-016-2990-25,1.50163E+12,3601 N Milwaukee Ave,Chicago,IL,60641,3601 N Milwaukee Ave,Chicago,IL,60641,(773)534-3420,Illinois,41.947454,-87.735529,176,16980,City large,17031,High,Regular school,Open,9,12,,School is eligible for Title I Schoolwide program (SWP) and provides Title I Schoolwide program,Yes,Yes,No,No,No,No,102,1613,0,1613,No,Yes,No,No,1751,17040,17020,1.70993E+11,1705,,Yes under the Community Eligibility Provision (CEP),609729,Schurz HS,Carl Schurz High School,Schurz HS,Schurz High School,3601,N,Milwaukee Ave,Chicago,IL,60641,1530,46281,HS,16,Irving Park,Albany Irving,27,12,1.70312E+14,41.82385253,-87.61979574,1.70993E+11,1.70993E+11,17031161100,both,both,1.70993E+11,2017,Illinois,1709930,1739,114,4,4,8516623,178,25,59,130,0,both,1.8,746,597,1.3,80.02680965,98.7,98.2,17031161100,both,46281,Carl Schurz High School,18449897,both,56,63565,17031161100,both,2016,1-Jan-16,17,31,17031161100,41.9499,-87.73811,9.6644,3.4665,both
609730,SENN HS,291,219,75.3,2017,1.70993E+11,1114,Senn High School,1709930,City of Chicago SD 299,IL-15-016-2990-25,1.50163E+12,5900 N Glenwood Ave,Chicago,IL,60660,5900 N Glenwood Ave,Chicago,IL,60660,(773)534-2365,Illinois,41.989094,-87.666773,176,16980,City large,17031,High,Regular school,Open,9,12,,School is eligible for Title I Schoolwide program (SWP) and provides Title I Schoolwide program,Yes,Yes,No,No,No,No,97,1178,0,1178,No,Yes,No,No,1449,17014,17007,1.70993E+11,1709,,Yes under the Community Eligibility Provision (CEP),609730,Senn HS,Nicholas Senn High School,Senn HS,Senn High School,5900,N,Glenwood Ave,Chicago,IL,60660,1540,47061,HS,77,Edgewater,Ravenswood,30,10,1.7031E+14,41.96480045,-87.71481814,1.70993E+11,1.70993E+11,17031030500,both,both,1.70993E+11,2017,Illinois,1709930,1441,104,5,0,7838618.5,246,0,23,232,0,both,9.4,2864,2664,2,93.01675978,98,90.6,17031030500,both,47061,Senn Metropolitan Academy Of Liberal Arts & Technology,13148251,both,116,50615,17031030500,both,2016,1-Jan-16,17,31,17031030500,41.98716,-87.66494,9.8861,3.9484,both
609732,STEINMETZ HS,315,214,67.9,2017,1.70993E+11,1139,Steinmetz College Prep HS,1709930,City of Chicago SD 299,IL-15-016-2990-25,1.50163E+12,3030 N Mobile Ave,Chicago,IL,60634,3030 N Mobile Ave,Chicago,IL,60634,(773)534-3030,Illinois,41.935607,-87.784325,176,16980,City large,17031,High,Regular school,Open,9,12,,School is eligible for Title I Schoolwide program (SWP) and provides Title I Schoolwide program,Yes,Yes,No,Yes,No,No,74,1147,0,1147,No,Yes,No,No,1262,17003,17002,1.70993E+11,1705,,Yes under the Community Eligibility Provision (CEP),609732,Steinmetz College Prep HS,Charles P Steinmetz College Preparatory HS,Steinmetz College Prep HS,Steinmetz College Prep HS,3030,N,Mobile Ave,Chicago,IL,60634,1560,46291,HS,19,Belmont Cragin,Belmont Cragin,26,9,1.70312E+14,41.94634323,-87.73563527,1.70993E+11,1.70993E+11,17031190401,both,both,1.70993E+11,2017,Illinois,1709930,1276,79,4,0,6570590,161,49,0,147,0,both,17.7,1234,830,11.6,67.26094003,88.4,82.3,17031190401,both,46291,Charles P Steinmetz Academic Centre,13707030,both,165,30870,17031190401,both,2016,1-Jan-16,17,31,17031190401,41.93474,-87.78092,9.5828,3.5855,both
609733,SULLIVAN HS,110,62,56.4,2017,1.70993E+11,1149,Sullivan High School,1709930,City of Chicago SD 299,IL-15-016-2990-25,1.50163E+12,6631 N Bosworth Ave,Chicago,IL,60626,6631 N Bosworth Ave,Chicago,IL,60626,(773)534-2000,Illinois,42.002831,-87.668928,176,16980,City large,17031,High,Regular school,Open,9,12,,School is eligible for Title I Schoolwide program (SWP) and provides Title I Schoolwide program,Yes,Yes,No,No,No,No,36,684,0,684,No,Yes,No,No,730,17014,17007,1.70993E+11,1709,,Yes under the Community Eligibility Provision (CEP),609733,Sullivan HS,Roger C Sullivan High School,Sullivan HS,Sullivan High School,6631,N,Bosworth Ave,Chicago,IL,60626,1570,46301,HS,1,Rogers Park,Ravenswood,30,10,1.70318E+14,41.98903319,-87.665188,1.70993E+11,1.70993E+11,17031830600,both,both,1.70993E+11,2017,Illinois,1709930,723,48.5,2,3,3656245.75,22,0,0,22,0,both,19.2,1868,1486,5.9,79.5503212,94.1,80.8,17031830600,both,46301,Roger C Sullivan High School,7401090,both,387,29520,17031830600,both,2016,1-Jan-16,17,31,17031830600,42.00171,-87.67355,9.8001,3.9204,both
609734,TAFT HS,655,514,78.5,2017,1.70993E+11,1153,Taft High School,1709930,City of Chicago SD 299,IL-15-016-2990-25,1.50163E+12,6530 W Bryn Mawr Ave,Chicago,IL,60631,6530 W Bryn Mawr Ave,Chicago,IL,60631,(773)534-1000,Illinois,41.984656,-87.791426,176,16980,City large,17031,High,Regular school,Open,7,12,,School is not eligible for either Title I Targeted Assistance or Schoolwide program,No,No,No,No,No,No,163,1836,0,1836,No,Yes,Yes,No,3371,17020,17010,1.70993E+11,1705,,Yes under the Community Eligibility Provision (CEP),609734,Taft HS,William Howard Taft High School,Taft HS,Taft High School,6530,W,Bryn Mawr Ave,Chicago,IL,60631,1580,46311,HS,10,Norwood Park,Sauganash,28,9,1.70311E+14,41.93563421,-87.78347849,1.70993E+11,1.70993E+11,17031100300,both,both,1.70993E+11,2017,Illinois,1709930,3373,190,9,2,14759672,817,160,111,689,0,both,5.6,2676,1669,1.4,62.36920777,98.6,94.4,17031100300,both,46311,William Howard Taft High School,25640147,both,74,46705,17031100300,both,2016,1-Jan-16,17,31,17031100300,41.98868,-87.80438,9.2948,3.4242,both
609735,TILDEN HS,55,24,43.6,2017,1.70993E+11,1161,Tilden Career Communty Academy HS,1709930,City of Chicago SD 299,IL-15-016-2990-25,1.50163E+12,4747 S Union Ave,Chicago,IL,60609,4747 S Union Ave,Chicago,IL,60609,(773)535-1625,Illinois,41.807504,-87.642518,176,16980,City large,17031,High,Regular school,Open,9,12,,School is eligible for Title I Schoolwide program (SWP) and provides Title I Schoolwide program,Yes,Yes,No,No,No,No,20,236,0,236,No,Yes,No,No,249,17006,17003,1.70993E+11,1703,,Yes under the Community Eligibility Provision (CEP),609735,Tilden HS,Edward Tilden Career Community Academy HS,Tilden HS,Tilden Career Communty Academy HS,4747,S,Union Ave,Chicago,IL,60609,1590,53121,HS,61,New City,McKinley Park,17,11,1.70318E+14,42.00268693,-87.66922893,1.70993E+11,1.70993E+11,17031843800,both,both,1.70993E+11,2017,Illinois,1709930,248,23,1,0,2005786,9,0,0,11,0,both,23.9,630,442,20.1,70.15873016,79.9,76.1,17031843800,both,53121,Edward Tilden Career Commmunity Academy,4478030,both,206,31976,17031843800,both,2016,1-Jan-16,17,31,17031843800,41.80169,-87.64048,10.0523,3.9513,both
609737,VON STEUBEN HS,351,282,80.3,2017,1.70993E+11,1180,Von Steuben Metro Science HS,1709930,City of Chicago SD 299,IL-15-016-2990-25,1.50163E+12,5039 N Kimball Ave,Chicago,IL,60625,5039 N Kimball Ave,Chicago,IL,60625,(773)534-5100,Illinois,41.973222,-87.713126,176,16980,City large,17031,High,Regular school,Open,9,12,,School is eligible for Title I Schoolwide program (SWP) and provides Title I Schoolwide program,Yes,Yes,No,Yes,No,No,95,1303,0,1303,No,Yes,No,No,1726,17015,17008,1.70993E+11,1705,,Yes under the Community Eligibility Provision (CEP),609737,Von Steuben HS,Friedrich W von Steuben Metropolitan Science HS,Von Steuben HS,Von Steuben Metro Science HS,5039,N,Kimball Ave,Chicago,IL,60625,1610,47081,HS,13,North Park,Albany Irving,27,12,1.70318E+14,41.80750947,-87.64300315,1.70993E+11,1.70993E+11,17031831800,both,both,1.70993E+11,2017,Illinois,1709930,1726,100.5,6,0,8329470,567,174,72,521,0,both,13.6,2151,1648,5.4,76.61552766,94.6,86.4,17031831800,both,47081,Frederick W Von Steuben Metropolitan Science Center,15605599,both,365,30148,17031831800,both,2016,1-Jan-16,17,31,17031831800,41.97825,-87.71649,9.8585,3.6463,both
609738,LINCOLN PARK HS,507,449,88.6,2017,1.70993E+11,1185,Lincoln Park High School,1709930,City of Chicago SD 299,IL-15-016-2990-25,1.50163E+12,2001 N Orchard St,Chicago,IL,60614,2001 N Orchard St,Chicago,IL,60614,(773)534-8130,Illinois,41.919347,-87.645354,176,16980,City large,17031,High,Regular school,Open,9,12,,School is not eligible for either Title I Targeted Assistance or Schoolwide program,No,No,No,No,No,No,118,1166,0,1166,No,Yes,No,No,2113,17010,17005,1.70993E+11,1705,,Yes under the Community Eligibility Provision (CEP),609738,Lincoln Park HS,Lincoln Park High School,Lincoln Park HS,Lincoln Park High School,2001,N,Orchard St,Chicago,IL,60614,1620,46321,HS,7,Lincoln Park,Lincoln Park,29,10,1.70311E+14,41.80210467,-87.61193147,1.70993E+11,1.70993E+11,17031071200,both,both,1.70993E+11,2017,Illinois,1709930,2101,127.5,6,0,10498951,723,233,185,620,0,both,9.9,936,843,0.8,90.06410256,99.2,90.1,17031071200,both,46321,Lincoln Park High School,17286653,both,36,66818,17031071200,both,2016,1-Jan-16,17,31,17031071200,41.92186,-87.6462,9.8403,3.797,both
609739,WASHINGTON HS,304,212,69.7,2017,1.70993E+11,1189,Washington G High School,1709930,City of Chicago SD 299,IL-15-016-2990-25,1.50163E+12,3535 E 114th St,Chicago,IL,60617,3535 E 114th St,Chicago,IL,60617,(773)535-5725,Illinois,41.687525,-87.53905,176,16980,City large,17031,High,Regular school,Open,9,12,,School is eligible for Title I Schoolwide program (SWP) and provides Title I Schoolwide program,Yes,Yes,No,No,No,No,83,1327,0,1327,No,Yes,No,No,1440,17025,17013,1.70993E+11,1702,,Yes under the Community Eligibility Provision (CEP),609739,Washington HS,George Washington High School,Washington HS,Washington  G High School,3535,E,114th St,Chicago,IL,60617,1630,46331,HS,52,East Side,Far East Side,2,4,1.70315E+14,41.97318445,-87.71342302,1.70993E+11,1.70993E+11,17031520600,both,both,1.70993E+11,2017,Illinois,1709930,1436,94,4,4,6530511.5,285,31,18,252,0,both,16.7,801,460,12.9,57.42821473,87.1,83.3,17031520600,both,46331,George Washington High School,12888310,both,94,26359,17031520600,both,2016,1-Jan-16,17,31,17031520600,41.68948,-87.54039,10.1108,3.5112,both
609740,WELLS HS,116,59,50.9,2017,1.70993E+11,1192,Wells Community Academy HS,1709930,City of Chicago SD 299,IL-15-016-2990-25,1.50163E+12,936 N Ashland Ave,Chicago,IL,60622,936 N Ashland Ave,Chicago,IL,60622,(773)534-7010,Illinois,41.899153,-87.668346,176,16980,City large,17031,High,Regular school,Open,9,12,,School is eligible for Title I Schoolwide program (SWP) and provides Title I Schoolwide program,Yes,Yes,No,No,No,No,23,347,0,347,No,Yes,No,No,380,17004,17002,1.70993E+11,1705,,Yes under the Community Eligibility Provision (CEP),609740,Wells HS,Wells Community Academy High School,Wells HS,Wells Community Academy HS,936,N,Ashland Ave,Chicago,IL,60622,1640,51071,HS,24,West Town,Near North,10,1,1.70312E+14,41.91826756,-87.64604609,1.70993E+11,1.70993E+11,17031242100,both,both,1.70993E+11,2017,Illinois,1709930,380,28.5,2,0,2324199,96,0,22,90,0,both,6.1,1666,1591,3.4,95.49819928,96.6,93.9,17031242100,both,51071,William H Wells Community Academy High School,5153674,both,88,55991,17031242100,both,2016,1-Jan-16,17,31,17031242100,41.89971,-87.66986,9.978,3.7479,both
609741,HUBBARD HS,345,243,70.4,2017,1.70993E+11,889,Hubbard High School,1709930,City of Chicago SD 299,IL-15-016-2990-25,1.50163E+12,6200 S Hamlin Ave,Chicago,IL,60629,6200 S Hamlin Ave,Chicago,IL,60629,(773)535-2200,Illinois,41.780103,-87.718726,176,16980,City large,17031,High,Regular school,Open,9,12,,School is eligible for Title I Schoolwide program (SWP) and provides Title I Schoolwide program,Yes,Yes,No,No,No,No,95,1715,0,1715,No,Yes,No,No,1778,17022,17011,1.70993E+11,1703,,Yes under the Community Eligibility Provision (CEP),609741,Hubbard HS,Gurdon S Hubbard High School,Hubbard HS,Hubbard High School,6200,S,Hamlin Ave,Chicago,IL,60629,1670,46341,HS,65,West Lawn,Chicago Lawn,8,7,1.70317E+14,41.68816438,-87.53757009,1.70993E+11,1.70993E+11,17031650100,both,both,1.70993E+11,2017,Illinois,1709930,1777,103,5,0,8139949.5,407,0,0,408,0,both,26,1206,780,11.1,64.67661692,88.9,74,17031650100,both,46341,Gurdon S Hubbard High School,16741626,both,332,19429,17031650100,both,2016,1-Jan-16,17,31,17031650100,41.78237,-87.71783,9.8282,3.5748,both
609745,SOUTHSIDE HS,29,0,0,2017,1.70993E+11,5305,Southside Occupational Acad HS,1709930,City of Chicago SD 299,IL-15-016-2990-25,1.50163E+12,7342 S Hoyne Ave,Chicago,IL,60636,7342 S Hoyne Ave,Chicago,IL,60636,(773)535-9100,Illinois,41.759709,-87.676316,176,16980,City large,17031,High,Regular school,Open,11,12,,School is eligible for Title I Schoolwide program (SWP) and provides Title I Schoolwide program,Yes,Yes,No,No,No,No,31,245,0,245,No,Yes,No,No,271,17031,17016,1.70993E+11,1701,,Yes under the Community Eligibility Provision (CEP),609745,Southside HS,Southside Occupational Academy High School,Southside HS,Southside Occupational Acad Hs,7342,S,Hoyne Ave,Chicago,IL,60636,1700,49031,HS,67,West Englewood,Englewood,4,3,1.70317E+14,41.78052693,-87.71797709,1.70993E+11,1.70993E+11,17031672000,both,both,1.70993E+11,2017,Illinois,1709930,269,33.5,1,0,2799687.25,0,0,0,0,0,both,20.4,1179,662,24.9,56.14927905,75.1,79.6,17031672000,both,49031,Southside Occupational Academy,7223968,both,400,26992,17031672000,both,2016,1-Jan-16,17,31,17031672000,41.76123,-87.67108,9.9475,3.6556,both
609746,KENWOOD HS,360,299,83.1,2017,1.70993E+11,925,Kenwood Academy High School,1709930,City of Chicago SD 299,IL-15-016-2990-25,1.50163E+12,5015 S Blackstone Av,Chicago,IL,60615,5015 S Blackstone Av,Chicago,IL,60615,(773)535-1350,Illinois,41.803407,-87.589655,176,16980,City large,17031,High,Regular school,Open,7,12,,School is eligible for Title I Schoolwide program (SWP) and provides Title I Schoolwide program,Yes,Yes,No,No,No,No,92,1050,0,1050,No,Yes,Yes,No,1756,17025,17013,1.70993E+11,1701,,Yes under the Community Eligibility Provision (CEP),609746,Kenwood HS,Kenwood Academy High School,Kenwood HS,Kenwood Academy High School,5015,S,Blackstone Ave,Chicago,IL,60615,1710,46361,HS,39,Kenwood,Hyde Park,14,3,1.70314E+14,41.98294508,-87.72238559,1.70993E+11,1.70993E+11,17031390700,both,both,1.70993E+11,2017,Illinois,1709930,1755,101.5,5,3,8097600.5,400,112,52,333,0,both,19.4,3287,2509,11.1,76.33100091,88.9,80.6,17031390700,both,46361,Kenwood Academy,14429178,both,165,44058,17031390700,both,2016,1-Jan-16,17,31,17031390700,41.80588,-87.58748,10.1831,4.0421,both
609748,YORK HS,32,1,3.1,2017,1.70993E+11,693,York Alternative High School,1709930,City of Chicago SD 299,IL-15-016-2990-25,1.50163E+12,2700 S California Av,Chicago,IL,60608,2700 S California Av,Chicago,IL,60608,(773)535-7021,Illinois,41.843173,-87.695803,176,16980,City large,17031,High,Regular school,Open,9,12,,School is eligible for Title I Schoolwide program (SWP) and provides Title I Schoolwide program,Yes,Yes,No,No,No,No,85,200,0,200,No,Yes,No,No,203,17021,17011,1.70993E+11,1707,,No,609748,York HS,Consuella B York Alternative High School,York HS,York Alternative High School,2700,S,California Ave,Chicago,IL,60608,1730,49041,HS,30,South Lawndale,Pilsen - Little Village,16,2,1.70318E+14,41.75985293,-87.67591012,1.70993E+11,1.70993E+11,17031843500,both,both,1.70993E+11,2017,Illinois,1709930,210,40,1,0,1311565.625,0,0,0,0,0,both,29.4,300,168,8.5,56,91.5,70.6,17031843500,both,49041,Consuella B. York Alternative HS,7334964,both,72,19324,17031843500,both,2016,1-Jan-16,17,31,17031843500,41.83816,-87.69674,9.9039,3.6167,both
609749,NORTHSIDE PREP HS,248,238,96,2017,1.70993E+11,3481,Northside College Preparatory Hs,1709930,City of Chicago SD 299,IL-15-016-2990-25,1.50163E+12,5501 N Kedzie Ave,Chicago,IL,60625,5501 N Kedzie Ave,Chicago,IL,60625,(773)534-3954,Illinois,41.981351,-87.707935,176,16980,City large,17031,High,Regular school,Open,9,12,,School is not eligible for either Title I Targeted Assistance or Schoolwide program,No,No,No,Yes,No,No,59,470,0,470,No,Yes,No,No,1061,17013,17007,1.70993E+11,1705,,Yes under the Community Eligibility Provision (CEP),609749,Northside Prep HS,Northside College Preparatory High School,Northside Prep HS,Northside College Preparatory Hs,5501,N,Kedzie Ave,Chicago,IL,60625,1740,46061,HS,13,North Park,Albany Irving,27,12,1.70318E+14,41.80377183,-87.59045756,1.70993E+11,1.70993E+11,17031831800,both,both,1.70993E+11,2017,Illinois,1709930,1059,64.5,4,1,5719404,627,224,271,578,0,both,13.6,2151,1648,5.4,76.61552766,94.6,86.4,17031831800,both,46061,Northside College Prep,9894098,both,365,30148,17031831800,both,2016,1-Jan-16,17,31,17031831800,41.97825,-87.71649,9.8585,3.6463,both
609750,SIMPSON HS,20,11,55,2017,1.70993E+11,4383,Simpson Acad HS for Young Women,1709930,City of Chicago SD 299,IL-15-016-2990-25,1.50163E+12,1321 S Paulina St,Chicago,IL,60608,1321 S Paulina St,Chicago,IL,60608,(773)534-7812,Illinois,41.864477,-87.668483,176,16980,City large,17031,High,Regular school,Open,6,12,,School is eligible for Title I Schoolwide program (SWP) and provides Title I Schoolwide program,Yes,Yes,No,No,No,No,10,37,0,37,No,Yes,Yes,No,37,17009,17005,1.70993E+11,1707,,Yes under the Community Eligibility Provision (CEP),609750,Simpson HS,Simpson Academy High School for Young Women,Simpson HS,Simpson Acad HS for Young Women,1321,S,Paulina St,Chicago,IL,60608,1750,49051,HS,28,Near West Side,Near West,23,2,1.70318E+14,41.84253385,-87.69522432,1.70993E+11,1.70993E+11,17031842900,both,both,1.70993E+11,2017,Illinois,1709930,42,12,1,0,633842.375,0,0,0,0,0,both,36.3,1148,538,7.2,46.8641115,92.8,63.7,17031842900,both,49051,Simpson Academy for Young Women,1876352,both,429,24038,17031842900,both,2016,1-Jan-16,17,31,17031842900,41.86315,-87.67292,9.8363,3.6836,both
609751,KING HS,130,111,85.4,2017,1.70993E+11,931,King College Prep High School,1709930,City of Chicago SD 299,IL-15-016-2990-25,1.50163E+12,4445 S Drexel Blvd,Chicago,IL,60653,4445 S Drexel Blvd,Chicago,IL,60653,(773)535-1180,Illinois,41.813881,-87.602917,176,16980,City large,17031,High,Regular school,Open,9,12,,School is eligible for Title I Schoolwide program (SWP) and provides Title I Schoolwide program,Yes,Yes,No,Yes,No,No,38,480,0,480,No,Yes,No,No,599,17025,17013,1.70993E+11,1707,,Yes under the Community Eligibility Provision (CEP),609751,King HS,Dr  Martin Luther King  Jr  College Prep HS,King HS,King College Prep High School,4445,S,Drexel Blvd,Chicago,IL,60653,1760,46371,HS,39,Kenwood,Bronzeville,15,3,1.70314E+14,41.98131478,-87.70874457,1.70993E+11,1.70993E+11,17031390300,both,both,1.70993E+11,2017,Illinois,1709930,600,41,2,0,3808821.75,245,65,51,195,0,both,41.4,1439,827,10.8,57.4704656,89.2,58.6,17031390300,both,46371,KIng Selective Enrollment HS,7185948,both,560,35371,17031390300,both,2016,1-Jan-16,17,31,17031390300,41.81323,-87.6042,10.1191,4.1097,both
609753,CHICAGO AGRICULTURE HS,152,128,84.2,2017,1.70993E+11,5147,Chicago HS for Agricult Sciences,1709930,City of Chicago SD 299,IL-15-016-2990-25,1.50163E+12,3857 W 111th St,Chicago,IL,60655,3857 W 111th St,Chicago,IL,60655,(773)535-2500,Illinois,41.690023,-87.717329,176,16980,City large,17031,High,Regular school,Open,9,12,,School is not eligible for either Title I Targeted Assistance or Schoolwide program,No,No,No,Yes,No,No,40,289,0,289,No,Yes,No,No,718,17035,17018,1.70993E+11,1701,,Yes under the Community Eligibility Provision (CEP),609753,Chgo Agr HS,Chicago High School for Agricultural Sciences,Chgo Agr HS,Chicago HS for Agricult Sciences,3857,W,111th St,Chicago,IL,60655,1790,47091,HS,74,Mount Greenwood,Beverly,3,11,1.70317E+14,41.86436492,-87.66875893,1.70993E+11,1.70993E+11,17031740400,both,both,1.70993E+11,2017,Illinois,1709930,718,44,2,8,4145785.25,36,0,0,36,0,both,3.7,1818,1337,3.5,73.54235424,96.5,96.3,17031740400,both,47091,Chicago High School For Agricultural Sciences,9198786,both,83,50254,17031740400,both,2016,1-Jan-16,17,31,17031740400,41.68725,-87.71932,9.7679,3.5958,both
609755,YOUNG HS,463,414,89.4,2017,1.70993E+11,714,Young Magnet High School,1709930,City of Chicago SD 299,IL-15-016-2990-25,1.50163E+12,211 S Laflin St,Chicago,IL,60607,211 S Laflin St,Chicago,IL,60607,(773)534-7500,Illinois,41.87827,-87.663686,176,16980,City large,17031,High,Regular school,Open,7,12,,School is not eligible for either Title I Targeted Assistance or Schoolwide program,No,No,No,Yes,No,No,108,873,0,873,No,Yes,Yes,No,2157,17009,17005,1.70993E+11,1707,,Yes under the Community Eligibility Provision (CEP),609755,Young HS,Whitney M Young Magnet High School,Young HS,Young Magnet High School,211,S,Laflin St,Chicago,IL,60607,1810,47101,HS,28,Near West Side,Near West,23,2,1.70318E+14,41.69124818,-87.71777061,1.70993E+11,1.70993E+11,17031833100,both,both,1.70993E+11,2017,Illinois,1709930,2159,119,8,0,10478300,1111,425,163,1049,0,both,12.4,3820,3363,1.8,88.03664921,98.2,87.6,17031833100,both,47101,Whitney M Young Magnet High School,17899161,both,395,89086,17031833100,both,2016,1-Jan-16,17,31,17031833100,41.87908,-87.65709,9.9538,3.807,both
609756,CURIE HS,519,400,77.1,2017,1.70993E+11,1198,Curie Metropolitan High School,1709930,City of Chicago SD 299,IL-15-016-2990-25,1.50163E+12,4959 S Archer Ave,Chicago,IL,60632,4959 S Archer Ave,Chicago,IL,60632,(773)535-2100,Illinois,41.801913,-87.722181,176,16980,City large,17031,High,Regular school,Open,9,12,,School is eligible for Title I Schoolwide program (SWP) and provides Title I Schoolwide program,Yes,Yes,No,Yes,No,No,155,2716,0,2716,No,Yes,No,No,2918,17001,17001,1.70993E+11,1704,,Yes under the Community Eligibility Provision (CEP),609756,Curie HS,Marie Sklodowska Curie Metropolitan High School,Curie HS,Curie Metropolitan High School,4959,S,Archer Ave,Chicago,IL,60632,1820,53101,HS,57,Archer Heights,McKinley Park,17,7,1.70316E+14,41.83055442,-87.61925223,1.70993E+11,1.70993E+11,17031570400,both,both,1.70993E+11,2017,Illinois,1709930,2916,187.5,9,4,14787160,537,79,19,512,0,both,15.6,525,291,11.8,55.42857143,88.2,84.4,17031570400,both,53101,Marie Sklodowska Curie Metropolitan High School,27934553,both,71,23170,17031570400,both,2016,1-Jan-16,17,31,17031570400,41.80498,-87.71904,9.8463,3.5586,both
609759,CLEMENTE HS,94,64,68.1,2017,1.70993E+11,1086,Clemente Community Academy HS,1709930,City of Chicago SD 299,IL-15-016-2990-25,1.50163E+12,1147 N Western Ave,Chicago,IL,60622,1147 N Western Ave,Chicago,IL,60622,(773)534-4000,Illinois,41.902601,-87.685986,176,16980,City large,17031,High,Regular school,Open,9,12,,School is eligible for Title I Schoolwide program (SWP) and provides Title I Schoolwide program,Yes,Yes,No,No,No,No,43,707,0,707,No,Yes,No,No,753,17004,17002,1.70993E+11,1705,,Yes under the Community Eligibility Provision (CEP),609759,Clemente HS,Roberto Clemente Community Academy High School,Clemente HS,Clemente Community Academy HS,1147,N,Western Ave,Chicago,IL,60622,1840,51091,HS,24,West Town,Humboldt Park,21,12,1.70312E+14,41.87860208,-87.66427006,1.70993E+11,1.70993E+11,17031242400,both,both,1.70993E+11,2017,Illinois,1709930,755,56,2,2,4253778.5,118,16,20,99,0,both,10.9,1370,1215,3.7,88.68613139,96.3,89.1,17031242400,both,51091,Roberto Clemente Community Academy High School,8307520,both,56,48333,17031242400,both,2016,1-Jan-16,17,31,17031242400,41.89947,-87.68451,9.9938,3.7321,both
609760,CARVER MILITARY HS,108,73,67.6,2017,1.70993E+11,671,Carver Military Academy HS,1709930,City of Chicago SD 299,IL-15-016-2990-25,1.50163E+12,13100 S Doty Ave,Chicago,IL,60827,13100 S Doty Ave,Chicago,IL,60827,(773)535-5250,Illinois,41.656534,-87.589046,176,16980,City large,17031,High,Regular school,Open,9,12,,School is eligible for Title I Schoolwide program (SWP) and provides Title I Schoolwide program,Yes,Yes,No,No,No,No,20,448,0,448,No,Yes,No,No,479,17034,17017,1.70993E+11,1702,,Yes under the Community Eligibility Provision (CEP),609760,Carver Military,George Washington Carver Military Academy HS,Carver Military,Carver Military Academy HS,13100,S,Doty Ave,Chicago,IL,60627,1850,46381,HS,54,Riverdale,Far South Side,22,4,1.70315E+14,41.80308142,-87.72206492,1.70993E+11,1.70993E+11,17031540102,both,both,1.70993E+11,2017,Illinois,1709930,478,25,1,0,3080580.5,55,30,0,25,0,both,63.8,1150,573,27.7,49.82608696,72.3,36.2,17031540102,both,46381,Carver Military High School,5461029,both,651,15660,17031540102,both,2016,1-Jan-16,17,31,17031540102,41.6673,-87.60535,10.2011,3.8045,both
609761,CORLISS HS,78,41,52.6,2017,1.70993E+11,1072,Corliss High School,1709930,City of Chicago SD 299,IL-15-016-2990-25,1.50163E+12,821 E 103rd St,Chicago,IL,60628,821 E 103rd St,Chicago,IL,60628,(773)535-5115,Illinois,41.706533,-87.602607,176,16980,City large,17031,High,Regular school,Open,9,12,,School is eligible for Title I Schoolwide program (SWP) and provides Title I Schoolwide program,Yes,Yes,No,No,No,No,22,269,0,269,No,Yes,No,No,308,17034,17017,1.70993E+11,1702,,Yes under the Community Eligibility Provision (CEP),609761,Corliss HS,George H Corliss High School,Corliss HS,Corliss High School,821,E,103rd St,Chicago,IL,60628,1860,46391,HS,50,Pullman,Far South Side,22,4,1.70315E+14,41.90262531,-87.68694287,1.70993E+11,1.70993E+11,17031500200,both,both,1.70993E+11,2017,Illinois,1709930,310,25,1,1,2151689.75,73,0,25,65,0,both,32.4,790,460,19.5,58.2278481,80.5,67.6,17031500200,both,46391,George Henry Corliss High School,5540143,both,460,24637,17031500200,both,2016,1-Jan-16,17,31,17031500200,41.70087,-87.60024,10.1092,3.7293,both
609762,JULIAN HS,192,90,46.9,2017,1.70993E+11,895,Julian High School,1709930,City of Chicago SD 299,IL-15-016-2990-25,1.50163E+12,10330 S Elizabeth St,Chicago,IL,60643,10330 S Elizabeth St,Chicago,IL,60643,(773)535-5170,Illinois,41.70605,-87.654396,176,16980,City large,17031,High,Regular school,Open,9,12,,School is eligible for Title I Schoolwide program (SWP) and provides Title I Schoolwide program,Yes,Yes,No,No,No,No,33,500,0,500,No,Yes,No,No,516,17027,17014,1.70993E+11,1701,,Yes under the Community Eligibility Provision (CEP),609762,Julian HS,Percy L Julian High School,Julian HS,Julian High School,10330,S,Elizabeth St,Chicago,IL,60643,1870,46401,HS,73,Washington Heights,Beverly,3,4,1.70317E+14,41.65629056,-87.5905838,1.70993E+11,1.70993E+11,17031730700,both,both,1.70993E+11,2017,Illinois,1709930,516,37,2,0,3135945.75,93,17,12,85,0,both,26.7,716,510,10.9,71.22905028,89.1,73.3,17031730700,both,46401,Percy L Julian High School,8576847,both,250,31094,17031730700,both,2016,1-Jan-16,17,31,17031730700,41.70308,-87.6502,10.1221,3.8751,both
609764,JUAREZ HS,296,186,62.8,2017,1.70993E+11,722,Juarez Community Academy HS,1709930,City of Chicago SD 299,IL-15-016-2990-25,1.50163E+12,2150 S Laflin St,Chicago,IL,60608,2150 S Laflin St,Chicago,IL,60608,(773)534-7030,Illinois,41.852914,-87.66456,176,16980,City large,17031,High,Regular school,Open,9,12,,School is eligible for Title I Schoolwide program (SWP) and provides Title I Schoolwide program,Yes,Yes,No,No,No,No,100,1678,0,1678,No,Yes,No,No,1743,17002,17001,1.70993E+11,1704,,Yes under the Community Eligibility Provision (CEP),609764,Juarez HS,Benito Juarez Community Academy High School,Juarez HS,Juarez Community Academy HS,2150,S,Laflin St,Chicago,IL,60608,1890,46421,HS,31,Lower West Side,Pilsen - Little Village,16,7,1.70313E+14,41.70744607,-87.60306435,1.70993E+11,1.70993E+11,17031310700,both,both,1.70993E+11,2017,Illinois,1709930,1734,110,5,0,7768499,183,0,0,183,0,both,26.2,505,380,5.3,75.24752475,94.7,73.8,17031310700,both,46421,Benito Juarez High School,15191521,both,75,22589,17031310700,both,2016,1-Jan-16,17,31,17031310700,41.85603,-87.66488,9.9104,3.8134,both
609766,VAUGHN HS,37,4,10.8,2017,1.70993E+11,1018,Vaughn Occupational High School,1709930,City of Chicago SD 299,IL-15-016-2990-25,1.50163E+12,4355 N Linder Ave,Chicago,IL,60641,4355 N Linder Ave,Chicago,IL,60641,(773)534-3600,Illinois,41.960243,-87.764367,176,16980,City large,17031,High,Regular school,Open,9,12,,School is eligible for Title I Schoolwide program (SWP) and provides Title I Schoolwide program,Yes,Yes,No,No,No,No,24,184,0,184,No,Yes,No,No,227,17019,17010,1.70993E+11,1705,,Yes under the Community Eligibility Provision (CEP),609766,Vaughn HS,Jacqueline B Vaughn Occupational High School,Vaughn HS,Vaughn Occupational High School,4355,N,Linder Ave,Chicago,IL,60641,1920,49081,HS,15,Portage Park,Albany Irving,27,12,1.70312E+14,41.70585944,-87.6537126,1.70993E+11,1.70993E+11,17031150300,both,both,1.70993E+11,2017,Illinois,1709930,230,26,1,1,2196538.25,0,0,0,0,0,both,13.2,2991,2388,4.1,79.83951856,95.9,86.8,17031150300,both,49081,Jacqueline B Vaughn Occupational High School,5108268,both,261,45327,17031150300,both,2016,1-Jan-16,17,31,17031150300,41.96053,-87.76226,9.4979,3.3191,both
609769,GRAHAM HS,22,1,4.5,2017,1.70993E+11,1076,Graham  R Training Center,1709930,City of Chicago SD 299,IL-15-016-2990-25,1.50163E+12,2347 S Wabash Ave,Chicago,IL,60616,2347 S Wabash Ave,Chicago,IL,60616,(773)534-9257,Illinois,41.849534,-87.624985,176,16980,City large,17031,High,Regular school,Open,9,12,,School is eligible for Title I Schoolwide program (SWP) and provides Title I Schoolwide program,Yes,Yes,No,No,No,No,15,110,0,110,No,Yes,No,No,117,17005,17003,1.70993E+11,1707,,Yes under the Community Eligibility Provision (CEP),609769,"Graham,r HS",Ray Graham Training Center High School,"Graham,r HS",Graham  R Training Center,2347,S,Wabash Ave,Chicago,IL,60616,1950,49101,HS,33,Near South Side,Loop,1,3,1.70318E+14,41.96036317,-87.76469993,1.70993E+11,1.70993E+11,17031841000,both,both,1.70993E+11,2017,Illinois,1709930,118,18,1,2,1464477.75,0,0,0,0,0,both,22.4,519,451,5.5,86.89788054,94.5,77.6,17031841000,both,49101,Ray Graham Training Center,4119980,both,81,77750,17031841000,both,2016,1-Jan-16,17,31,17031841000,41.84866,-87.62056,10.1278,4.0636,both
609780,MARINE LEADERSHIP AT AMES HS,76,45,59.2,2017,1.70993E+11,2618,Marine Leadership Academy - Ames,1709930,City of Chicago SD 299,IL-15-016-2990-25,1.50163E+12,1920 N Hamlin Ave,Chicago,IL,60647,1920 N Hamlin Ave,Chicago,IL,60647,(773)534-4970,Illinois,41.916146,-87.722135,176,16980,City large,17031,High,Regular school,Open,7,12,,School is eligible for Title I Schoolwide program (SWP) and provides Title I Schoolwide program,Yes,Yes,No,No,No,No,47,835,0,835,No,Yes,Yes,No,867,17004,17002,1.70993E+11,1704,,Yes under the Community Eligibility Provision (CEP),609780,Ames,Ames Middle School,Ames,Ames Middle School,1920,N,Hamlin Ave,Chicago,IL,60647,2090,41111,MS,22,Logan Square,Logan,9,8,1.70312E+14,41.83382648,-87.6506521,1.70993E+11,1.70993E+11,17031222900,both,both,1.70993E+11,2017,Illinois,1709930,864,55,3,0,4807651.5,98,0,0,98,0,both,18.4,300,233,4,77.66666667,96,81.6,17031222900,both,41111,Marine Leadership Academy at Ames,8528093,both,72,23850,17031222900,both,2016,1-Jan-16,17,31,17031222900,41.91553,-87.72006,9.699,3.4365,both
609783,JEFFERSON HS,10,0,0,2017,1.70993E+11,894,Jefferson Alt High School,1709930,City of Chicago SD 299,IL-15-016-2990-25,1.50163E+12,1100 S Hamilton Ave,Chicago,IL,60612,1100 S Hamilton Ave,Chicago,IL,60612,(312)433-7110,Illinois,41.867671,-87.681435,176,16980,City large,17031,High,Regular school,Open,6,12,,School is eligible for Title I Schoolwide program (SWP) and provides Title I Schoolwide program,Yes,Yes,No,No,No,No,,169,0,169,No,Yes,Yes,No,182,17009,17005,1.70993E+11,1707,,No,609783,Jefferson Alt HS,Nancy B Jefferson Alternative High School,Jefferson Alt HS,Jefferson  N Elem Alt School,1100,S,Hamilton Ave,Chicago,IL,60612,2120,30011,HS,28,Near West Side,Near West,23,2,1.70318E+14,41.80211216,-87.62582006,1.70993E+11,1.70993E+11,17031838200,both,both,1.70993E+11,2017,Illinois,1709930,215,45,1,0,1449788.5,0,0,0,0,0,both,38.1,400,289,9,72.25,91,61.9,17031838200,both,30011,Nancy B Jefferson Alternative School,7695434,both,43,7686,17031838200,both,2016,1-Jan-16,17,31,17031838200,41.87041,-87.67508,9.8917,3.6403,both
610244,CLARK HS,94,74,78.7,2017,1.70993E+11,1210,Clark  G R Elem School,1709930,City of Chicago SD 299,IL-15-016-2990-25,1.50163E+12,1045 S Monitor Ave,Chicago,IL,60644,1045 S Monitor Ave,Chicago,IL,60644,(773)534-6225,Illinois,41.868021,-87.77017,176,16980,City large,17031,Primary,Regular school,Open,Pre-K,8,,School is eligible for Title I Schoolwide program (SWP) and provides Title I Schoolwide program,Yes,Yes,No,No,No,No,13,220,0,220,Yes,No,Yes,No,235,17008,17004,1.70993E+11,1707,,Yes under the Community Eligibility Provision (CEP),610244,Clark HS,Michele Clark Academic Prep Magnet High School,Clark HS,Clark Acad Prep Magnet High Schl,5101,W,Harrison St,Chicago,IL,60644,6620,41051,HS,25,Austin,Austin,25,2,1.70318E+14,41.80234314,-87.67216973,1.70993E+11,1.70993E+11,17031831400,both,both,1.70993E+11,2017,Illinois,1709930,236,16,1,0,1442841.75,0,0,0,0,0,both,23.3,967,561,9.5,58.01447777,90.5,76.7,17031831400,both,41051,Michelle Clark Academic Prep Magnet High School,6236699,both,301,22591,17031831400,both,2016,1-Jan-16,17,31,17031831400,41.86913,-87.75604,9.5965,3.4005,both
610245,DOUGLASS HS,43,14,32.6,2017,1.70993E+11,5789,Douglass Academy High School,1709930,City of Chicago SD 299,IL-15-016-2990-25,1.50163E+12,543 N Waller Ave,Chicago,IL,60644,543 N Waller Ave,Chicago,IL,60644,(773)534-6176,Illinois,41.890188,-87.767076,176,16980,City large,17031,High,Regular school,Open,9,12,,School is eligible for Title I Schoolwide program (SWP) and provides Title I Schoolwide program,Yes,Yes,No,No,No,No,9,98,0,98,No,Yes,No,No,101,17078,17039,1.70993E+11,1707,,Yes under the Community Eligibility Provision (CEP),610245,Douglass HS,Frederick A Douglass Academy High School,Douglass HS,Douglass Academy High School,543,N,Waller Ave,Chicago,IL,60644,6630,41061,HS,25,Austin,Austin,25,1,1.70313E+14,41.95998361,-87.64978592,1.70993E+11,1.70993E+11,17031251400,both,both,1.70993E+11,2017,Illinois,1709930,101,9,1,0,1082972.125,0,0,0,0,0,both,28.2,1712,795,10.9,46.43691589,89.1,71.8,17031251400,both,41061,Frederick A Douglass Academy High School,2573479,both,508,28578,17031251400,both,2016,1-Jan-16,17,31,17031251400,41.891,-87.77011,9.6633,3.4938,both
610304,PHOENIX MILITARY HS,118,93,78.8,2017,1.70993E+11,4715,Phoenix Military Academy HS,1709930,City of Chicago SD 299,IL-15-016-2990-25,1.50163E+12,145 S Campbell Ave,Chicago,IL,60612,145 S Campbell Ave,Chicago,IL,60612,(773)534-7275,Illinois,41.879116,-87.688418,176,16980,City large,17031,High,Regular school,Open,9,12,,School is eligible for Title I Schoolwide program (SWP) and provides Title I Schoolwide program,Yes,Yes,No,No,No,No,23,501,0,501,No,Yes,No,No,532,17010,17005,1.70993E+11,1707,,Yes under the Community Eligibility Provision (CEP),610304,Phoenix Military HS,Phoenix Military Academy High School,Phoenix Military HS,Phoenix Military Academy HS,145,S,Campbell Ave,Chicago,IL,60612,7310,55011,HS,28,Near West Side,Near West,23,1,1.70313E+14,41.76530755,-87.64133368,1.70993E+11,1.70993E+11,17031280800,both,both,1.70993E+11,2017,Illinois,1709930,531,28,2,1,2881879.25,271,25,23,259,0,both,25.1,361,205,24.8,56.7867036,75.2,74.9,17031280800,both,55011,Phoenix Military Academy,6194710,both,141,20208,17031280800,both,2016,1-Jan-16,17,31,17031280800,41.87863,-87.68889,9.6635,3.5688,both
610323,BOWEN HS,67,24,35.8,2017,1.70993E+11,5072,Bowen High School,1709930,City of Chicago SD 299,IL-15-016-2990-25,1.50163E+12,2710 E 89th St,Chicago,IL,60617,2710 E 89th St,Chicago,IL,60617,(773)535-7650,Illinois,41.734303,-87.557463,176,16980,City large,17031,High,Regular school,Open,9,12,,School is eligible for Title I Schoolwide program (SWP) and provides Title I Schoolwide program,Yes,Yes,No,No,No,No,19,275,0,275,No,Yes,No,No,294,17026,17013,1.70993E+11,1702,,Yes under the Community Eligibility Provision (CEP),610323,Bowen HS,Bowen High School,Bowen HS,Bowen High School,2710,E,89th St,Chicago,IL,60617,7540,46491,HS,46,South Chicago,South Shore,11,4,1.70315E+14,41.82935505,-87.66785319,1.70993E+11,1.70993E+11,17031460600,both,both,1.70993E+11,2017,Illinois,1709930,297,21,1,0,2006787.125,68,0,27,59,0,both,16.8,355,214,19.6,60.28169014,80.4,83.2,17031460600,both,46491,Bowen High School,5069008,both,105,20642,17031460600,both,2016,1-Jan-16,17,31,17031460600,41.73563,-87.55949,10.1915,3.961,both
610334,RABY HS,68,33,48.5,2017,1.70993E+11,5075,Raby High School,1709930,City of Chicago SD 299,IL-15-016-2990-25,1.50163E+12,3545 W Fulton Blvd,Chicago,IL,60624,3545 W Fulton Blvd,Chicago,IL,60624,(773)534-6755,Illinois,41.8858,-87.715382,176,16980,City large,17031,High,Regular school,Open,9,12,,School is eligible for Title I Schoolwide program (SWP) and provides Title I Schoolwide program,Yes,Yes,No,No,No,No,28,378,0,378,No,Yes,No,No,381,17010,17005,1.70993E+11,1707,,Yes under the Community Eligibility Provision (CEP),610334,Raby HS,Al Raby High School,Raby HS,Raby High School,3545,W,Fulton Blvd,Chicago,IL,60624,7690,46471,HS,27,East Garfield Park,Garfield - West Humboldt,20,1,1.70318E+14,41.93394276,-87.70804004,1.70993E+11,1.70993E+11,17031836800,both,both,1.70993E+11,2017,Illinois,1709930,378,31.5,1,0,2326997,0,0,0,0,0,both,59.7,936,468,10,50,90,40.3,17031836800,both,46471,Al Raby High School,5332785,both,577,18250,17031836800,both,2016,1-Jan-16,17,31,17031836800,41.88508,-87.71387,9.8782,3.6425,both
610340,CHICAGO ACADEMY HS,105,87,82.9,2017,1.70993E+11,5061,Chicago Academy High School,1709930,City of Chicago SD 299,IL-15-016-2990-25,1.50163E+12,3400 N Austin Ave,Chicago,IL,60634,3400 N Austin Ave,Chicago,IL,60634,(773)534-0146,Illinois,41.943327,-87.776988,176,16980,City large,17031,High,Regular school,Open,9,12,,School is eligible for Title I Schoolwide program (SWP) and provides Title I Schoolwide program,Yes,Yes,No,No,No,No,31,451,0,451,No,Yes,No,No,542,17039,17020,1.70993E+11,1705,,No,610340,Chgo Acad HS,Chicago Academy High School,Chgo Acad HS,Chicago Academy High School,3400,N,Austin Ave,Chicago,IL,60634,7770,46481,HS,17,Dunning,Reed-Dunning,24,12,1.70312E+14,41.8862375,-87.71542384,1.70993E+11,1.70993E+11,17031171100,both,both,1.70993E+11,2017,Illinois,1709930,542,34,1,0,2478414,93,28,17,81,0,both,10.3,1260,951,3,75.47619048,97,89.7,17031171100,both,46481,Chicago Academy High School,5315770,both,56,36960,17031171100,both,2016,1-Jan-16,17,31,17031171100,41.94207,-87.78125,9.606,3.4963,both
610357,SPRY HS,43,31,72.1,2017,1.70993E+11,5677,Spry Community Links High School,1709930,City of Chicago SD 299,IL-15-016-2990-25,1.50163E+12,2400 S Marshall Blvd,Chicago,IL,60623,2400 S Marshall Blvd,Chicago,IL,60623,(773)534-1997,Illinois,41.848607,-87.697784,176,16980,City large,17031,High,Regular school,Open,9,12,,School is eligible for Title I Schoolwide program (SWP) and provides Title I Schoolwide program,Yes,Yes,No,No,No,No,11,126,0,126,No,Yes,No,No,131,17021,17011,1.70993E+11,1704,,No,610357,Spry HS,Spry Community Links High School,Spry HS,Spry Community Links High School,2400,S,Marshall Blvd,Chicago,IL,60623,7930,46461,HS,30,South Lawndale,Pilsen - Little Village,16,7,1.70313E+14,41.96172181,-87.70711398,1.70993E+11,1.70993E+11,17031301100,both,both,1.70993E+11,2017,Illinois,1709930,129,14,1,1,1114212,52,0,0,52,0,both,35.5,796,398,13.8,50,86.2,64.5,17031301100,both,46461,Spry Community Links High School,2116249,both,367,21376,17031301100,both,2016,1-Jan-16,17,31,17031301100,41.84705,-87.69796,9.8119,3.5649,both
610381,BRONZEVILLE HS,84,57,67.9,2017,1.70993E+11,5792,Bronzeville Scholastic HS,1709930,City of Chicago SD 299,IL-15-016-2990-25,1.50163E+12,4934 S Wabash Ave,Chicago,IL,60615,4934 S Wabash Ave,Chicago,IL,60615,(773)535-1150,Illinois,41.804436,-87.62508,176,16980,City large,17031,High,Regular school,Open,9,12,,School is eligible for Title I Schoolwide program (SWP) and provides Title I Schoolwide program,Yes,Yes,No,Yes,No,No,19,306,0,306,No,Yes,No,No,321,17005,17003,1.70993E+11,1707,,Yes under the Community Eligibility Provision (CEP),610381,Bronzeville HS,Bronzeville Scholastic Academy High School,Bronzeville HS,Bronzeville Scholastic HS,4934,S,Wabash Ave,Chicago,IL,60615,7270,55191,HS,38,Grand Boulevard,Bronzeville,15,3,1.70314E+14,41.73415291,-87.64676752,1.70993E+11,1.70993E+11,17031381800,both,both,1.70993E+11,2017,Illinois,1709930,322,21,1,0,1741379.25,1,0,0,2,0,both,25.1,537,336,4.8,62.5698324,95.2,74.9,17031381800,both,55191,Bronzeville Scholastic Institute,4149943,both,170,35583,17031381800,both,2016,1-Jan-16,17,31,17031381800,41.80388,-87.62116,10.2322,3.9732,both
610383,SOCIAL JUSTICE HS,70,50,71.4,2017,1.70993E+11,5793,School of Social Justice HS,1709930,City of Chicago SD 299,IL-15-016-2990-25,1.50163E+12,3120 S Kostner Ave,Chicago,IL,60623,3120 S Kostner Ave,Chicago,IL,60623,(773)535-4300,Illinois,41.834912,-87.735753,176,16980,City large,17031,High,Regular school,Open,9,12,,School is eligible for Title I Schoolwide program (SWP) and provides Title I Schoolwide program,Yes,Yes,No,No,No,No,20,279,0,279,No,Yes,No,No,285,17021,17011,1.70993E+11,1704,,No,610383,Greater Lawndale HS,Greater Lawndale High School For Social Justice,Greater Lawndale HS,School of Social Justice HS,3120,S,Kostner Ave,Chicago,IL,60623,7600,55171,HS,30,South Lawndale,Pilsen - Little Village,16,7,1.70318E+14,41.80455878,-87.62441056,1.70993E+11,1.70993E+11,17031830500,both,both,1.70993E+11,2017,Illinois,1709930,286,21.5,1,1,1501587.875,82,21,0,68,0,both,30.6,1072,824,9.6,76.86567164,90.4,69.4,17031830500,both,55171,School of Social Justice (at Little Village),3701643,both,256,22264,17031830500,both,2016,1-Jan-16,17,31,17031830500,41.83014,-87.7239,9.7804,3.501,both
610384,INFINITY HS,79,63,79.7,2017,1.70993E+11,5795,Infinity Math  Science & Tech HS,1709930,City of Chicago SD 299,IL-15-016-2990-25,1.50163E+12,3120 S Kostner Ave,Chicago,IL,60623,3120 S Kostner Ave,Chicago,IL,60623,(773)535-4225,Illinois,41.834922,-87.735531,176,16980,City large,17031,High,Regular school,Open,9,12,,School is eligible for Title I Schoolwide program (SWP) and provides Title I Schoolwide program,Yes,Yes,No,Yes,No,No,27,399,0,399,No,Yes,No,No,417,17021,17011,1.70993E+11,1704,,No,610384,Infinity HS,Infinity Math Science and Technology High School,Infinity HS,Infinity Math  Science & Tech HS,3120,S,Kostner Ave,Chicago,IL,60623,7680,55151,HS,30,South Lawndale,Pilsen - Little Village,16,7,1.70318E+14,41.80455878,-87.62441056,1.70993E+11,1.70993E+11,17031830500,both,both,1.70993E+11,2017,Illinois,1709930,418,27.5,1,0,2051183.5,93,5,37,73,0,both,30.6,1072,824,9.6,76.86567164,90.4,69.4,17031830500,both,55151,Infinity Math,4415800,both,256,22264,17031830500,both,2016,1-Jan-16,17,31,17031830500,41.83014,-87.7239,9.7804,3.501,both
610385,MULTICULTURAL HS,56,35,62.5,2017,1.70993E+11,5794,Multicultural Acad Scholarshp HS,1709930,City of Chicago SD 299,IL-15-016-2990-25,1.50163E+12,3120 S Kostner Ave,Chicago,IL,60623,3120 S Kostner Ave,Chicago,IL,60623,(773)535-4242,Illinois,41.835448,-87.735546,176,16980,City large,17031,High,Regular school,Open,9,12,,School is eligible for Title I Schoolwide program (SWP) and provides Title I Schoolwide program,Yes,Yes,No,No,No,No,15,220,0,220,No,Yes,No,No,223,17021,17011,1.70993E+11,1704,,No,610385,Multicultural Acad Scholarship,Multicultural Academy of Scholarship,Multicultural Acad Scholarship,Multicultural Acad of Scholarshp HS,3120,S,Kostner Ave,Chicago,IL,60623,7630,55181,HS,30,South Lawndale,Pilsen - Little Village,16,7,1.70318E+14,41.83603568,-87.73412164,1.70993E+11,1.70993E+11,17031830500,both,both,1.70993E+11,2017,Illinois,1709930,230,19.5,1,0,1265312.875,18,0,0,18,0,both,30.6,1072,824,9.6,76.86567164,90.4,69.4,17031830500,both,55181,Multicultural Arts High School (at Little Village),2986394,both,256,22264,17031830500,both,2016,1-Jan-16,17,31,17031830500,41.83014,-87.7239,9.7804,3.501,both
610386,PEACE AND EDUCATION HS,49,12,24.5,2017,1.70993E+11,2596,Peace and Education Coalition HS,1709930,City of Chicago SD 299,IL-15-016-2990-25,1.50163E+12,4946 S Paulina St,Chicago,IL,60609,4946 S Paulina St,Chicago,IL,60609,(773)535-9023,Illinois,41.80356,-87.667611,176,16980,City large,17031,High,Regular school,Open,10,12,,School is eligible for Title I Schoolwide program (SWP) and provides Title I Schoolwide program,Yes,Yes,No,No,No,No,17,91,0,91,No,Yes,No,No,96,17006,17003,1.70993E+11,1707,,Yes under the Community Eligibility Provision (CEP),610386,Peace & Education HS,Peace & Education Coalition High School,Peace & Education HS,Peace And Education Coalition HS,4946,S,Paulina St,Chicago,IL,60609,1123,67021,HS,61,New City,McKinley Park,17,7,1.70316E+14,41.83603568,-87.73412164,1.70993E+11,1.70993E+11,17031611300,both,both,1.70993E+11,2017,Illinois,1709930,104,19.5,2,0,934793,0,0,0,0,0,both,28.9,824,431,17,52.30582524,83,71.1,17031611300,both,67021,Peace and Education Coalition High School,2955517,both,249,21069,17031611300,both,2016,1-Jan-16,17,31,17031611300,41.80497,-87.66726,9.9584,3.6977,both
610390,RICKOVER MILITARY HS,102,77,75.5,2017,1.70993E+11,5078,Rickover Naval Academy High Schl,1709930,City of Chicago SD 299,IL-15-016-2990-25,1.50163E+12,5900 N Glenwood Ave,Chicago,IL,60660,5900 N Glenwood Ave,Chicago,IL,60660,(773)534-2890,Illinois,41.98902,-87.666421,176,16980,City large,17031,High,Regular school,Open,9,12,,School is eligible for Title I Schoolwide program (SWP) and provides Title I Schoolwide program,Yes,Yes,No,No,No,No,26,498,0,498,No,Yes,No,No,555,17014,17007,1.70993E+11,1709,,No,610390,Rickover HS,Hyman G Rickover Naval Academy High School,Rickover HS,Rickover Naval Academy High Schl,5900,N,Glenwood Ave,Chicago,IL,60660,7140,45221,HS,77,Edgewater,Ravenswood,30,10,1.7031E+14,41.80351526,-87.6673411,1.70993E+11,1.70993E+11,17031030500,both,both,1.70993E+11,2017,Illinois,1709930,554,33,3,0,3152579.5,144,0,0,144,0,both,9.4,2864,2664,2,93.01675978,98,90.6,17031030500,both,45221,Hyman G. Rickover Naval Academy,5715956,both,116,50615,17031030500,both,2016,1-Jan-16,17,31,17031030500,41.98716,-87.66494,9.8861,3.9484,both
610391,LINDBLOM HS,205,194,94.6,2017,1.70993E+11,5791,Lindblom Math & Science Acad HS,1709930,City of Chicago SD 299,IL-15-016-2990-25,1.50163E+12,6130 S Wolcott Ave,Chicago,IL,60636,6130 S Wolcott Ave,Chicago,IL,60636,(773)535-9300,Illinois,41.78211,-87.672162,176,16980,City large,17031,High,Regular school,Open,7,12,,School is eligible for Title I Schoolwide program (SWP) and provides Title I Schoolwide program,Yes,Yes,No,Yes,No,No,75,892,0,892,No,Yes,Yes,No,1325,17006,17003,1.70993E+11,1707,,Yes under the Community Eligibility Provision (CEP),610391,Lindblom HS,Robert Lindblom Math & Science Academy HS,Lindblom HS,Lindblom Math & Science Acad HS,6130,S,Wolcott Ave,Chicago,IL,60636,7110,46511,HS,67,West Englewood,Englewood,4,2,1.70317E+14,41.89444938,-87.72612961,1.70993E+11,1.70993E+11,17031670600,both,both,1.70993E+11,2017,Illinois,1709930,1325,82.5,4,3,6520020.5,662,204,116,597,0,both,46.5,373,164,47.5,43.96782842,52.5,53.5,17031670600,both,46511,Lindblom Math and Science Academy High School,11225332,both,185,24250,17031670600,both,2016,1-Jan-16,17,31,17031670600,41.783,-87.67156,10.0531,3.7434,both
610392,WORLD LANGUAGE HS,74,57,77,2017,1.70993E+11,5788,World Language High School,1709930,City of Chicago SD 299,IL-15-016-2990-25,1.50163E+12,3120 S Kostner Ave,Chicago,IL,60623,3120 S Kostner Ave,Chicago,IL,60623,(773)535-4334,Illinois,41.835226,-87.735982,176,16980,City large,17031,High,Regular school,Open,9,12,,School is eligible for Title I Schoolwide program (SWP) and provides Title I Schoolwide program,Yes,Yes,No,Yes,No,No,18,341,0,341,No,Yes,No,No,354,17021,17011,1.70993E+11,1704,,No,610392,World Language HS,World Language Academy High School,World Language HS,World Language High School,3120,S,Kostner Ave,Chicago,IL,60623,4460,52011,HS,30,South Lawndale,Pilsen - Little Village,16,7,1.70318E+14,41.98903319,-87.665188,1.70993E+11,1.70993E+11,17031830500,both,both,1.70993E+11,2017,Illinois,1709930,352,23.5,2,0,1815029.625,105,13,0,105,0,both,30.6,1072,824,9.6,76.86567164,90.4,69.4,17031830500,both,52011,World Language High School (at Little Village),3727377,both,256,22264,17031830500,both,2016,1-Jan-16,17,31,17031830500,41.83014,-87.7239,9.7804,3.501,both
610394,UPLIFT HS,59,36,61,2017,1.70993E+11,5787,Uplift Community High School,1709930,City of Chicago SD 299,IL-15-016-2990-25,1.50163E+12,900 W Wilson Ave,Chicago,IL,60640,900 W Wilson Ave,Chicago,IL,60640,(773)534-2875,Illinois,41.965948,-87.65217,176,16980,City large,17031,High,Regular school,Open,9,12,,School is eligible for Title I Schoolwide program (SWP) and provides Title I Schoolwide program,Yes,Yes,No,No,No,No,19,228,0,228,No,Yes,No,No,241,17013,17007,1.70993E+11,1709,,Yes under the Community Eligibility Provision (CEP),610394,Uplift HS,Uplift Community High School,Uplift HS,Uplift Community High School,900,W,Wilson Ave,Chicago,IL,60640,2210,26861,HS,3,Uptown,Ravenswood,30,10,1.7031E+14,41.7820414,-87.67162519,1.70993E+11,1.70993E+11,17031031501,both,both,1.70993E+11,2017,Illinois,1709930,242,20.5,1,0,1783062.875,0,0,0,0,0,both,44.2,1776,1173,11.5,66.0472973,88.5,55.8,17031031501,both,26861,Uplift Community High School,3978280,both,691,26314,17031031501,both,2016,1-Jan-16,17,31,17031031501,41.96727,-87.65248,9.941,4.0623,both
610402,DEVRY HS,100,87,87,2017,1.70993E+11,5790,Devry Advantage Academy High Schl,1709930,City of Chicago SD 299,IL-15-016-2990-25,1.50163E+12,3300 N Campbell Ave,Chicago,IL,60618,3300 N Campbell Ave,Chicago,IL,60618,(773)697-2216,Illinois,41.941039,-87.691119,176,16980,City large,17031,High,Regular school,Open,11,12,,School is eligible for Title I Schoolwide program (SWP) and provides Title I Schoolwide program,Yes,Yes,No,No,No,No,8,137,0,137,No,Yes,No,No,193,17011,17006,1.70993E+11,1705,,Yes under the Community Eligibility Provision (CEP),610402,Devry HS,DeVry University Advantage Academy HS,Devry HS,Devry Advantage Academy High Schl,3300,N,Campbell,Chicago,IL,60618,6990,46521,HS,5,North Center,Logan,9,12,1.70318E+14,41.96552003,-87.65247254,1.70993E+11,1.70993E+11,17031843700,both,both,1.70993E+11,2017,Illinois,1709930,193,10.5,1,0,981791.75,130,69,30,84,0,both,4.9,963,810,4,84.11214953,96,95.1,17031843700,both,46521,Devry University Advantage Academy,2365254,both,52,55938,17031843700,both,2016,1-Jan-16,17,31,17031843700,41.94463,-87.69077,9.819,3.7347,both
610513,AIR FORCE HS,45,31,68.9,2017,1.70993E+11,6055,Air Force Acad High School,1709930,City of Chicago SD 299,IL-15-016-2990-25,1.50163E+12,3630 S Wells St,Chicago,IL,60609,3630 S Wells St,Chicago,IL,60609,(773)535-1590,Illinois,41.827898,-87.632962,176,16980,City large,17031,High,Regular school,Open,9,12,,School is eligible for Title I Schoolwide program (SWP) and provides Title I Schoolwide program,Yes,Yes,No,No,No,No,17,228,0,228,No,Yes,No,No,261,17006,17003,1.70993E+11,1703,,Yes under the Community Eligibility Provision (CEP),610513,Air Force HS,Air Force Academy High School,Air Force HS,Air Force Acad High School,3630,S,Wells St,Chicago,IL,60609,1055,45231,HS,34,Armour Square,Bridgeport - Chinatown,18,2,1.70313E+14,41.82777441,-87.67757853,1.70993E+11,1.70993E+11,17031340600,both,both,1.70993E+11,2017,Illinois,1709930,263,21,2,0,2223381.25,37,19,0,26,0,both,71.4,413,160,34.1,38.7409201,65.9,28.6,17031340600,both,45231,Air Force Academy High School,3703462,both,226,13421,17031340600,both,2016,1-Jan-16,17,31,17031340600,41.82746,-87.63253,9.9864,3.9014,both
610518,AUSTIN CCA HS,84,32,38.1,2017,1.70993E+11,5984,Austin College and Career Acad HS,1709930,City of Chicago SD 299,IL-15-016-2990-25,1.50163E+12,231 N Pine Ave,Chicago,IL,60644,231 N Pine Ave,Chicago,IL,60644,(773)534-0660,Illinois,41.884832,-87.762933,176,16980,City large,17031,High,Regular school,Open,9,12,,School is eligible for Title I Schoolwide program (SWP) and provides Title I Schoolwide program,Yes,Yes,No,Yes,No,No,18,212,0,212,No,Yes,No,No,214,17008,17004,1.70993E+11,1707,,Yes under the Community Eligibility Provision (CEP),610518,Voise HS,VOISE Academy High School,Voise HS,VOISE Academy High School,231,N,Pine Ave,Chicago,IL,60644,1145,46621,HS,25,Austin,Austin,25,1,1.70313E+14,41.82814579,-87.6327203,1.70993E+11,1.70993E+11,17031251900,both,both,1.70993E+11,2017,Illinois,1709930,219,19,1,0,1689136.625,29,0,19,26,0,both,47.7,1601,803,25.6,50.1561524,74.4,52.3,17031251900,both,46621,VOISE Academy High School,3966771,both,729,19353,17031251900,both,2016,1-Jan-16,17,31,17031251900,41.8838,-87.76007,9.6478,3.342,both
610524,ALCOTT HS,57,47,82.5,2017,1.70993E+11,6072,Alcott Humanities High School,1709930,City of Chicago SD 299,IL-15-016-2990-25,1.50163E+12,2957 N Hoyne Ave,Chicago,IL,60618,2957 N Hoyne Ave,Chicago,IL,60618,(773)534-5970,Illinois,41.935468,-87.680351,176,16980,City large,17031,High,Regular school,Open,9,12,,School is not eligible for either Title I Targeted Assistance or Schoolwide program,No,No,No,No,No,No,56,264,0,264,No,Yes,No,No,311,17011,17006,1.70993E+11,1705,,No,610524,Alcott HS,Alcott High School for the Humanities,Alcott HS,Alcott Humanities High School,2957,N,Hoyne Ave,Chicago,IL,60618,8035,22041,HS,5,North Center,Lincoln Park,29,8,1.70311E+14,41.77122167,-87.66649323,1.70993E+11,1.70993E+11,17031051400,both,both,1.70993E+11,2017,Illinois,1709930,311,62,2,0,4869135,84,22,40,50,0,both,8.2,787,695,4.7,88.31003812,95.3,91.8,17031051400,both,22041,Louisa May Alcott School,8184750,both,69,61000,17031051400,both,2016,1-Jan-16,17,31,17031051400,41.93571,-87.68103,9.7905,3.6946,both
610529,OGDEN HS,78,68,87.2,2017,1.70993E+11,6093,Ogden Int High School,1709930,City of Chicago SD 299,IL-15-016-2990-25,1.50163E+12,1250 W Erie St,Chicago,IL,60642,1250 W Erie St,Chicago,IL,60642,(773)534-0866,Illinois,41.893928,-87.6585,176,16980,City large,17031,High,Regular school,Open,6,12,,School is not eligible for either Title I Targeted Assistance or Schoolwide program,No,No,No,No,No,No,98,465,0,465,No,Yes,Yes,No,890,17004,17002,1.70993E+11,1705,,No,610529,Ogden HS,Ogden International High School,Ogden HS,Ogden Int High School,1250,W,Erie St,Chicago,IL,60622,8083,24731,HS,24,West Town,Near North,10,8,1.70312E+14,41.893528,87.65941,1.70993E+11,1.70993E+11,17031243200,both,both,1.70993E+11,2017,Illinois,1709930,885,107,4,0,7618877,2,0,0,2,0,both,10.8,928,879,2.6,94.71982759,97.4,89.2,17031243200,both,24731,William B Ogden School,13726159,both,42,60411,17031243200,both,2016,1-Jan-16,17,31,17031243200,41.89245,-87.66962,9.83,3.7452,both
