School ID,School Name,Enrollment Pct.3,college_enroll_pct,year,ncessch,school_id,school_name,leaid,lea_name,state_leaid,seasch,street_mailing,city_mailing,state_mailing,zip_mailing,street_location,city_location,state_location,zip_location,phone,fips,latitude,longitude,csa,cbsa,urban_centric_locale,county_code,school_level,school_type,school_status,lowest_grade_offered,highest_grade_offered,bureau_indian_education,title_i_status,title_i_eligible,title_i_schoolwide,charter,magnet,shared_time,virtual,teachers_fte,free_lunch,reduced_price_lunch,free_or_reduced_price_lunch,elem_cedp,high_cedp,middle_cedp,ungrade_cedp,enrollment,state_leg_district_lower,state_leg_district_upper,ncessch_num,congress_district_id,direct_certification,lunch_program,schoolid_cps,schoolname_cps,fullname_cps,schoolname2_cps,isbe_name_cps,street_number_cps,street_direction_cps,street_name_cps,city_cps,state_cps,zip_cps,cps_unit_cps,oracleid_cps,school_category_cps,community_area_number_cps,community_area_cps,geographicarea_cps,geographic_area_number_cps,cook_county_district_cps,census_block_cps,latitude_cps,longitude_cps,ncessch_num_cps,ncessch_cps,census_tract_cps,cps_ccd_cw_merge,cw_not_in_cps_col_enrl,crdc_id,enrollment_crdc,teachers_certified_fte_crdc,counselors_fte_crdc,law_enforcement_fte_crdc,salaries_crdc,enrl_AP_crdc,enrl_AP_science_crdc,enrl_AP_math_crdc,enrl_AP_other_crdc,enrl_AP_language_crdc,crdc_not_matched,tot_hhld_census_tract,internet_rate,emp_rate_25_64,above_pov_rate,acs_not_matched,oracle_id,FY 2017 Ending Budget,cps_budget_not_in_cps_col_enrl,food_stamps,median_earnings,census_tract,inc_fs_not_matched,ctfips,ds_pm_pred,aqi_not_matched
609749,NORTHSIDE PREP HS,96,96.0,2017,170993003481,3481,Northside College Preparatory High School,1709930,City of Chicago SD 299,IL-15-016-2990-25,1501629900794,5501 N Kedzie Ave,Chicago,IL,60625,5501 N Kedzie Ave,Chicago,IL,60625,(773)534-3954,Illinois,41.981351,-87.707935,176,16980,City large,17031,High,Regular school,Open,9,12,,School is not eligible for either Title I Targeted Assistance or Schoolwide program,No,No,No,Yes,No,No,59.0,470.0,0.0,470.0,No,Yes,No,No,1061.0,17013,17007,170993003481,1705,,Yes under the Community Eligibility Provision (CEP),609749,Northside Prep HS,Northside College Preparatory High School,Northside Prep HS,Northside College Preparatory Hs,5501,N,Kedzie Ave,Chicago,IL,60625,1740.0,46061,HS,13.0,North Park,Albany Irving,27.0,12.0,170318318005000,41.8037718312,-87.5904575634999,170993003481,170993003481,17031831800,both,both,170993003481,1059,64.5,4.0,1.0,5719404.0,627,224,271,578,0,both,2151,76.61552766155276,94.6,86.4,both,46061,9894098,both,365,30148,17031831800,both,17031831800,71.9305,both
609737,VON STEUBEN HS,80.3,80.3,2017,170993001180,1180,Von Steuben Metro Science High School,1709930,City of Chicago SD 299,IL-15-016-2990-25,1501629900046,5039 N Kimball Ave,Chicago,IL,60625,5039 N Kimball Ave,Chicago,IL,60625,(773)534-5100,Illinois,41.973222,-87.713126,176,16980,City large,17031,High,Regular school,Open,9,12,,School is eligible for Title I Schoolwide program (SWP) and provides Title I Schoolwide program,Yes,Yes,No,Yes,No,No,95.0,1303.0,0.0,1303.0,No,Yes,No,No,1726.0,17015,17008,170993001180,1705,,Yes under the Community Eligibility Provision (CEP),609737,Von Steuben HS,Friedrich W von Steuben Metropolitan Science HS,Von Steuben HS,Von Steuben Metro Science HS,5039,N,Kimball Ave,Chicago,IL,60625,1610.0,47081,HS,13.0,North Park,Albany Irving,27.0,12.0,170318318004000,41.8075094709,-87.6430031536,170993001180,170993001180,17031831800,both,both,170993001180,1726,100.5,6.0,0.0,8329470.0,567,174,72,521,0,both,2151,76.61552766155276,94.6,86.4,both,47081,15605599,both,365,30148,17031831800,both,17031831800,71.9305,both
610391,LINDBLOM HS,94.6,94.6,2017,170993005791,5791,Lindblom Math & Science Academy High School,1709930,City of Chicago SD 299,IL-15-016-2990-25,1501629900833,6130 S Wolcott Ave,Chicago,IL,60636,6130 S Wolcott Ave,Chicago,IL,60636,(773)535-9300,Illinois,41.78211,-87.672162,176,16980,City large,17031,High,Regular school,Open,7,12,,School is eligible for Title I Schoolwide program (SWP) and provides Title I Schoolwide program,Yes,Yes,No,Yes,No,No,75.0,892.0,0.0,892.0,No,Yes,Yes,No,1325.0,17006,17003,170993005791,1707,,Yes under the Community Eligibility Provision (CEP),610391,Lindblom HS,Robert Lindblom Math & Science Academy HS,Lindblom HS,Lindblom Math & Science Acad HS,6130,S,Wolcott Ave,Chicago,IL,60636,7110.0,46511,HS,67.0,West Englewood,Englewood,4.0,2.0,170316706002004,41.8944493760999,-87.7261296105999,170993005791,170993005791,17031670600,both,both,170993005791,1325,82.5,4.0,3.0,6520020.5,662,204,116,597,0,both,373,43.96782841823057,52.5,53.5,both,46511,11225332,both,185,24250,17031670600,both,17031670600,69.8533,both
609720,LANE TECH HS,92.6,92.6,2017,170993000942,942,Lane Technical High School,1709930,City of Chicago SD 299,IL-15-016-2990-25,1501629900027,2501 W Addison St,Chicago,IL,60618,2501 W Addison St,Chicago,IL,60618,(773)534-5400,Illinois,41.945356,-87.690624,176,16980,City large,17031,High,Regular school,Open,7,12,,School is not eligible for either Title I Targeted Assistance or Schoolwide program,No,No,No,Yes,No,No,217.0,2100.0,0.0,2100.0,No,Yes,Yes,No,4429.0,17011,17006,170993000942,1705,,Yes under the Community Eligibility Provision (CEP),609720,Lane HS,Albert G Lane Technical High School,Lane HS,Lane Technical High School,2501,W,Addison St,Chicago,IL,60618,1440.0,46221,HS,5.0,North Center,Logan,9.0,12.0,170318437001018,41.7904824288999,-87.7803947179999,170993000942,170993000942,17031843700,both,both,170993000942,4441,231.0,10.0,0.0,19039190.0,3247,608,391,3173,0,both,963,84.11214953271028,96.0,95.1,both,46221,31323487,both,52,55938,17031843700,both,17031843700,70.7126,both
610402,DEVRY HS,87,87.0,2017,170993005790,5790,Devry Advantage Academy High School,1709930,City of Chicago SD 299,IL-15-016-2990-25,1501629900832,3300 N Campbell Ave,Chicago,IL,60618,3300 N Campbell Ave,Chicago,IL,60618,(773)697-2216,Illinois,41.941039,-87.691119,176,16980,City large,17031,High,Regular school,Open,11,12,,School is eligible for Title I Schoolwide program (SWP) and provides Title I Schoolwide program,Yes,Yes,No,No,No,No,8.0,137.0,0.0,137.0,No,Yes,No,No,193.0,17011,17006,170993005790,1705,,Yes under the Community Eligibility Provision (CEP),610402,Devry HS,DeVry University Advantage Academy HS,Devry HS,Devry Advantage Academy High Schl,3300,N,Campbell,Chicago,IL,60618,6990.0,46521,HS,5.0,North Center,Logan,9.0,12.0,170318437001021,41.9655200272,-87.6524725414,170993005790,170993005790,17031843700,both,both,170993005790,193,10.5,1.0,0.0,981791.75,130,69,30,84,0,both,963,84.11214953271028,96.0,95.1,both,46521,2365254,both,52,55938,17031843700,both,17031843700,70.7126,both
609755,YOUNG HS,89.4,89.4,2017,170993000714,714,Young Magnet High School,1709930,City of Chicago SD 299,IL-15-016-2990-25,1501629900764,211 S Laflin St,Chicago,IL,60607,211 S Laflin St,Chicago,IL,60607,(773)534-7500,Illinois,41.87827,-87.663686,176,16980,City large,17031,High,Regular school,Open,7,12,,School is not eligible for either Title I Targeted Assistance or Schoolwide program,No,No,No,Yes,No,No,108.0,873.0,0.0,873.0,No,Yes,Yes,No,2157.0,17009,17005,170993000714,1707,,Yes under the Community Eligibility Provision (CEP),609755,Young HS,Whitney M Young Magnet High School,Young HS,Young Magnet High School,211,S,Laflin St,Chicago,IL,60607,1810.0,47101,HS,28.0,Near West Side,Near West,23.0,2.0,170318331003031,41.6912481756999,-87.7177706096999,170993000714,170993000714,17031833100,both,both,170993000714,2159,119.0,8.0,0.0,10478300.0,1111,425,163,1049,0,both,3820,88.03664921465969,98.2,87.6,both,47101,17899161,both,395,89086,17031833100,both,17031833100,70.4221,both
609678,JONES HS,88.8,88.8,2017,170993000990,990,Jones College Prep High School,1709930,City of Chicago SD 299,IL-15-016-2990-25,1501629900533,700 S State St,Chicago,IL,60605,700 S State St,Chicago,IL,60605,(773)534-8600,Illinois,41.874066,-87.628054,176,16980,City large,17031,High,Regular school,Open,9,12,,School is not eligible for either Title I Targeted Assistance or Schoolwide program,No,No,No,Yes,No,No,100.0,735.0,0.0,735.0,No,Yes,No,No,1861.0,17006,17003,170993000990,1707,,Yes under the Community Eligibility Provision (CEP),609678,Jones HS,William Jones College Preparatory High School,Jones HS,Jones College Prep High School,700,S,State St,Chicago,IL,60605,1060.0,47021,HS,32.0,Loop,Loop,1.0,2.0,170318390004004,41.7371464977,-87.5732667996999,170993000990,170993000990,17031839000,both,both,170993000990,1865,109.6,7.0,0.0,8996421.0,1210,310,268,1081,0,both,4720,85.21186440677965,97.1,79.8,both,47021,14343535,both,335,60016,17031839000,both,17031839000,69.7877,both
609738,LINCOLN PARK HS,88.6,88.6,2017,170993001185,1185,Lincoln Park High School,1709930,City of Chicago SD 299,IL-15-016-2990-25,1501629900047,2001 N Orchard St,Chicago,IL,60614,2001 N Orchard St,Chicago,IL,60614,(773)534-8130,Illinois,41.919347,-87.645354,176,16980,City large,17031,High,Regular school,Open,9,12,,School is not eligible for either Title I Targeted Assistance or Schoolwide program,No,No,No,No,No,No,118.0,1166.0,0.0,1166.0,No,Yes,No,No,2113.0,17010,17005,170993001185,1705,,Yes under the Community Eligibility Provision (CEP),609738,Lincoln Park HS,Lincoln Park High School,Lincoln Park HS,Lincoln Park High School,2001,N,Orchard St,Chicago,IL,60614,1620.0,46321,HS,7.0,Lincoln Park,Lincoln Park,29.0,10.0,170310712002007,41.8021046709,-87.6119314691,170993001185,170993001185,17031071200,both,both,170993001185,2101,127.5,6.0,0.0,10498951.0,723,233,185,620,0,both,936,90.06410256410257,99.2,90.1,both,46321,17286653,both,36,66818,17031071200,both,17031071200,70.4959,both
610529,OGDEN HS,87.2,87.2,2017,170993006093,6093,Ogden International High School,1709930,City of Chicago SD 299,IL-15-016-2990-25,1501629900855,1250 W Erie St,Chicago,IL,60642,1250 W Erie St,Chicago,IL,60642,(773)534-0866,Illinois,41.893928,-87.6585,176,16980,City large,17031,High,Regular school,Open,6,12,,School is not eligible for either Title I Targeted Assistance or Schoolwide program,No,No,No,No,No,No,98.0,465.0,0.0,465.0,No,Yes,Yes,No,890.0,17004,17002,170993006093,1705,,No,610529,Ogden HS,Ogden International High School,Ogden HS,Ogden Int High School,1250,W,Erie St,Chicago,IL,60622,8083.0,24731,HS,24.0,West Town,Near North,10.0,8.0,170312432001011,41.893528,87.65941,170993006093,170993006093,17031243200,both,both,170993006093,885,107.0,4.0,0.0,7618877.0,2,0,0,2,0,both,928,94.71982758620688,97.4,89.2,both,24731,13726159,both,42,60411,17031243200,both,17031243200,70.7644,both
609751,KING HS,85.4,85.4,2017,170993000931,931,King College Prep High School,1709930,City of Chicago SD 299,IL-15-016-2990-25,1501629900039,4445 S Drexel Blvd,Chicago,IL,60653,4445 S Drexel Blvd,Chicago,IL,60653,(773)535-1180,Illinois,41.813881,-87.602917,176,16980,City large,17031,High,Regular school,Open,9,12,,School is eligible for Title I Schoolwide program (SWP) and provides Title I Schoolwide program,Yes,Yes,No,Yes,No,No,38.0,480.0,0.0,480.0,No,Yes,No,No,599.0,17025,17013,170993000931,1707,,Yes under the Community Eligibility Provision (CEP),609751,King HS,Dr  Martin Luther King  Jr  College Prep HS,King HS,King College Prep High School,4445,S,Drexel Blvd,Chicago,IL,60653,1760.0,46371,HS,39.0,Kenwood,Bronzeville,15.0,3.0,170313903002009,41.981314779,-87.7087445721,170993000931,170993000931,17031390300,both,both,170993000931,600,41.0,2.0,0.0,3808821.75,245,65,51,195,0,both,1439,57.47046560111188,89.2,58.6,both,46371,7185948,both,560,35371,17031390300,both,17031390300,69.392,both
609726,BROOKS HS,85,85.0,2017,170993002031,2031,Brooks College Prep Academy High School,1709930,City of Chicago SD 299,IL-15-016-2990-25,1501629900788,250 E 111th St,Chicago,IL,60628,250 E 111th St,Chicago,IL,60628,(773)535-9930,Illinois,41.694049,-87.615882,176,16980,City large,17031,High,Regular school,Open,7,12,,School is eligible for Title I Schoolwide program (SWP) and provides Title I Schoolwide program,Yes,Yes,No,Yes,No,No,46.0,691.0,0.0,691.0,No,Yes,Yes,No,962.0,17028,17014,170993002031,1702,,Yes under the Community Eligibility Provision (CEP),609726,Brooks HS,Gwendolyn Brooks College Preparatory Academy HS,Brooks HS,Brooks College Prep Academy HS,250,E,111th St,Chicago,IL,60628,1500.0,47051,HS,49.0,Roseland,Far South Side,22.0,5.0,170314909013022,41.9875672366,-87.7025193446999,170993002031,170993002031,17031490901,both,both,170993002031,961,54.0,4.0,2.0,4781425.0,627,50,87,614,0,both,1420,71.3380281690141,75.3,83.5,both,47051,8779490,both,499,25813,17031490901,both,17031490901,68.6159,both
400035,CHICAGO MATH & SCIENCE HS,84.9,84.9,2017,170993005092,5092,Chicago Math & Science Elementary Charter,1709930,City of Chicago SD 299,IL-15-016-2990-25,150162990217C,7212 N Clark St,Chicago,IL,60626,7212 N Clark St,Chicago,IL,60626,(773)761-8960,Illinois,42.008825,-87.672858,176,16980,City large,17031,High,Regular school,Open,6,12,,School is eligible for Title I Schoolwide program (SWP) and provides Title I Schoolwide program,Yes,Yes,Yes,Yes,No,No,39.0,554.0,0.0,554.0,No,Yes,Yes,No,596.0,17014,17007,170993005092,1709,,Yes under the Community Eligibility Provision (CEP),400035,Chgo Math & Sci Acad Campus HS,Chicago Math and Science Academy High School,Chgo Math & Sci Acad Campus HS,Chicago Math & Sci Elem Charter,7212,N,Clark St,Chicago,IL,60626,7940.0,66281,HS,1.0,Rogers Park,Ravenswood,30.0,13.0,170310102022002,42.0130346119999,-87.6747818606,170993005092,170993005092,17031010202,both,both,170993005092,592,45.0,2.0,0.0,2232963.0,112,33,62,84,0,both,976,69.87704918032787,93.9,82.5,both,66281,6831023,both,250,25643,17031010202,both,17031010202,70.2399,both
400094,EPIC HS,84.2,84.2,2017,170993006088,6088,EPIC Academy High School,1709930,City of Chicago SD 299,IL-15-016-2990-25,150162990015C,8255 S Houston Ave,Chicago,IL,60617,8255 S Houston Ave,Chicago,IL,60617,(773)535-7930,Illinois,41.744942,-87.549779,176,16980,City large,17031,High,Regular school,Open,9,12,,School is eligible for Title I Schoolwide program (SWP) and provides Title I Schoolwide program,Yes,Yes,Yes,No,No,No,1.0,518.0,0.0,518.0,No,Yes,No,No,538.0,17025,17013,170993006088,1702,,Yes under the Community Eligibility Provision (CEP),400094,Epic Chtr HS,EPIC Academy High School,Epic Chtr HS,EPIC Academy High School,8255,S,Houston Ave,Chicago,IL,60617,8058.0,63081,HS,46.0,South Chicago,South Shore,11.0,4.0,170314601004005,41.7448481837,-87.5502589914,170993006088,170993006088,17031460100,both,both,170993006088,541,29.0,1.0,0.0,3436328.0,32,0,0,32,0,both,1105,67.51131221719457,79.7,59.5,both,63081,5988562,both,489,25115,17031460100,both,17031460100,67.9392,both
609753,CHICAGO AGRICULTURE HS,84.2,84.2,2017,170993005147,5147,Chicago High School for Agricultural Sciences,1709930,City of Chicago SD 299,IL-15-016-2990-25,1501629900772,3857 W 111th St,Chicago,IL,60655,3857 W 111th St,Chicago,IL,60655,(773)535-2500,Illinois,41.690023,-87.717329,176,16980,City large,17031,High,Regular school,Open,9,12,,School is not eligible for either Title I Targeted Assistance or Schoolwide program,No,No,No,Yes,No,No,40.0,289.0,0.0,289.0,No,Yes,No,No,718.0,17035,17018,170993005147,1701,,Yes under the Community Eligibility Provision (CEP),609753,Chgo Agr HS,Chicago High School for Agricultural Sciences,Chgo Agr HS,Chicago HS for Agricult Sciences,3857,W,111th St,Chicago,IL,60655,1790.0,47091,HS,74.0,Mount Greenwood,Beverly,3.0,11.0,170317404003008,41.8643649233,-87.6687589328,170993005147,170993005147,17031740400,both,both,170993005147,718,44.0,2.0,8.0,4145785.25,36,0,0,36,0,both,1818,73.54235423542355,96.5,96.3,both,47091,9198786,both,83,50254,17031740400,both,17031740400,68.78359999999999,both
609746,KENWOOD HS,83.1,83.1,2017,170993000925,925,Kenwood Academy High School,1709930,City of Chicago SD 299,IL-15-016-2990-25,1501629900025,5015 S Blackstone Av,Chicago,IL,60615,5015 S Blackstone Av,Chicago,IL,60615,(773)535-1350,Illinois,41.803407,-87.589655,176,16980,City large,17031,High,Regular school,Open,7,12,,School is eligible for Title I Schoolwide program (SWP) and provides Title I Schoolwide program,Yes,Yes,No,No,No,No,92.0,1050.0,0.0,1050.0,No,Yes,Yes,No,1756.0,17025,17013,170993000925,1701,,Yes under the Community Eligibility Provision (CEP),609746,Kenwood HS,Kenwood Academy High School,Kenwood HS,Kenwood Academy High School,5015,S,Blackstone Ave,Chicago,IL,60615,1710.0,46361,HS,39.0,Kenwood,Hyde Park,14.0,3.0,170313907002006,41.9829450848,-87.7223855851,170993000925,170993000925,17031390700,both,both,170993000925,1755,101.5,5.0,3.0,8097600.5,400,112,52,333,0,both,3287,76.33100091268633,88.9,80.6,both,46361,14429178,both,165,44058,17031390700,both,17031390700,68.693,both
610340,CHICAGO ACADEMY HS,82.9,82.9,2017,170993005061,5061,Chicago Academy High School,1709930,City of Chicago SD 299,IL-15-016-2990-25,1501629900820,3400 N Austin Ave,Chicago,IL,60634,3400 N Austin Ave,Chicago,IL,60634,(773)534-0146,Illinois,41.943327,-87.776988,176,16980,City large,17031,High,Regular school,Open,9,12,,School is eligible for Title I Schoolwide program (SWP) and provides Title I Schoolwide program,Yes,Yes,No,No,No,No,31.0,451.0,0.0,451.0,No,Yes,No,No,542.0,17039,17020,170993005061,1705,,No,610340,Chgo Acad HS,Chicago Academy High School,Chgo Acad HS,Chicago Academy High School,3400,N,Austin Ave,Chicago,IL,60634,7770.0,46481,HS,17.0,Dunning,Reed-Dunning,24.0,12.0,170311711001012,41.8862374964,-87.7154238419,170993005061,170993005061,17031171100,both,both,170993005061,542,34.0,1.0,0.0,2478414.0,93,28,17,81,0,both,1260,75.47619047619048,97.0,89.7,both,46481,5315770,both,56,36960,17031171100,both,17031171100,73.02199999999999,both
610524,ALCOTT HS,82.5,82.5,2017,170993006072,6072,Alcott Humanities High School,1709930,City of Chicago SD 299,IL-15-016-2990-25,1501629900849,2957 N Hoyne Ave,Chicago,IL,60618,2957 N Hoyne Ave,Chicago,IL,60618,(773)534-5970,Illinois,41.935468,-87.680351,176,16980,City large,17031,High,Regular school,Open,9,12,,School is not eligible for either Title I Targeted Assistance or Schoolwide program,No,No,No,No,No,No,56.0,264.0,0.0,264.0,No,Yes,No,No,311.0,17011,17006,170993006072,1705,,No,610524,Alcott HS,Alcott High School for the Humanities,Alcott HS,Alcott Humanities High School,2957,N,Hoyne Ave,Chicago,IL,60618,8035.0,22041,HS,5.0,North Center,Lincoln Park,29.0,8.0,170310514002003,41.7712216704,-87.6664932336999,170993006072,170993006072,17031051400,both,both,170993006072,311,62.0,2.0,0.0,4869135.0,84,22,40,50,0,both,787,88.31003811944092,95.3,91.8,both,22041,8184750,both,69,61000,17031051400,both,17031051400,70.7462,both
609694,HANCOCK HS,81,81.0,2017,170993001980,1980,Hancock College Preparatory High School,1709930,City of Chicago SD 299,IL-15-016-2990-25,1501629900779,4034 W 56th St,Chicago,IL,60629,4034 W 56th St,Chicago,IL,60629,(773)535-2410,Illinois,41.791703,-87.724928,176,16980,City large,17031,High,Regular school,Open,9,12,,School is eligible for Title I Schoolwide program (SWP) and provides Title I Schoolwide program,Yes,Yes,No,Yes,No,No,52.0,835.0,0.0,835.0,No,Yes,No,No,967.0,17022,17011,170993001980,1703,,Yes under the Community Eligibility Provision (CEP),609694,Hancock HS,John Hancock College Preparatory High School,Hancock HS,Hancock College Preparatory HS,4034,W,56th St,Chicago,IL,60629,1200.0,46021,HS,62.0,West Elsdon,McKinley Park,17.0,7.0,170316203001002,41.7457867051,-87.6354462756,170993001980,170993001980,17031620300,both,both,170993001980,971,57.5,3.0,0.0,4828365.0,349,50,36,323,0,both,1993,79.17711991971902,91.8,90.1,both,46021,8207701,both,448,28426,17031620300,both,17031620300,71.5166,both
610384,INFINITY HS,79.7,79.7,2017,170993005795,5795,Infinity Math  Science & Tech High School,1709930,City of Chicago SD 299,IL-15-016-2990-25,1501629900837,3120 S Kostner Ave,Chicago,IL,60623,3120 S Kostner Ave,Chicago,IL,60623,(773)535-4225,Illinois,41.834922,-87.735531,176,16980,City large,17031,High,Regular school,Open,9,12,,School is eligible for Title I Schoolwide program (SWP) and provides Title I Schoolwide program,Yes,Yes,No,Yes,No,No,27.0,399.0,0.0,399.0,No,Yes,No,No,417.0,17021,17011,170993005795,1704,,No,610384,Infinity HS,Infinity Math Science and Technology High School,Infinity HS,Infinity Math  Science & Tech HS,3120,S,Kostner Ave,Chicago,IL,60623,7680.0,55151,HS,30.0,South Lawndale,Pilsen - Little Village,16.0,7.0,170318305001006,41.8045587817,-87.6244105627,170993005795,170993005795,17031830500,both,both,170993005795,418,27.5,1.0,0.0,2051183.5,93,5,37,73,0,both,1072,76.86567164179104,90.4,69.4,both,55151,4415800,both,256,22264,17031830500,both,17031830500,72.0762,both
610392,WORLD LANGUAGE HS,77,77.0,2017,170993005788,5788,World Language High School,1709930,City of Chicago SD 299,IL-15-016-2990-25,1501629900830,3120 S Kostner Ave,Chicago,IL,60623,3120 S Kostner Ave,Chicago,IL,60623,(773)535-4334,Illinois,41.835226,-87.735982,176,16980,City large,17031,High,Regular school,Open,9,12,,School is eligible for Title I Schoolwide program (SWP) and provides Title I Schoolwide program,Yes,Yes,No,Yes,No,No,18.0,341.0,0.0,341.0,No,Yes,No,No,354.0,17021,17011,170993005788,1704,,No,610392,World Language HS,World Language Academy High School,World Language HS,World Language High School,3120,S,Kostner Ave,Chicago,IL,60623,4460.0,52011,HS,30.0,South Lawndale,Pilsen - Little Village,16.0,7.0,170318305001006,41.9890331928,-87.6651879968,170993005788,170993005788,17031830500,both,both,170993005788,352,23.5,2.0,0.0,1815029.625,105,13,0,105,0,both,1072,76.86567164179104,90.4,69.4,both,52011,3727377,both,256,22264,17031830500,both,17031830500,72.0762,both
610383,SOCIAL JUSTICE HS,71.4,71.4,2017,170993005793,5793,School of Social Justice High School,1709930,City of Chicago SD 299,IL-15-016-2990-25,1501629900835,3120 S Kostner Ave,Chicago,IL,60623,3120 S Kostner Ave,Chicago,IL,60623,(773)535-4300,Illinois,41.834912,-87.735753,176,16980,City large,17031,High,Regular school,Open,9,12,,School is eligible for Title I Schoolwide program (SWP) and provides Title I Schoolwide program,Yes,Yes,No,No,No,No,20.0,279.0,0.0,279.0,No,Yes,No,No,285.0,17021,17011,170993005793,1704,,No,610383,Greater Lawndale HS,Greater Lawndale High School For Social Justice,Greater Lawndale HS,School of Social Justice HS,3120,S,Kostner Ave,Chicago,IL,60623,7600.0,55171,HS,30.0,South Lawndale,Pilsen - Little Village,16.0,7.0,170318305001006,41.8045587817,-87.6244105627,170993005793,170993005793,17031830500,both,both,170993005793,286,21.5,1.0,1.0,1501587.875,82,21,0,68,0,both,1072,76.86567164179104,90.4,69.4,both,55171,3701643,both,256,22264,17031830500,both,17031830500,72.0762,both
610385,MULTICULTURAL HS,62.5,62.5,2017,170993005794,5794,Multicultural Academy Scholarshp High School,1709930,City of Chicago SD 299,IL-15-016-2990-25,1501629900836,3120 S Kostner Ave,Chicago,IL,60623,3120 S Kostner Ave,Chicago,IL,60623,(773)535-4242,Illinois,41.835448,-87.735546,176,16980,City large,17031,High,Regular school,Open,9,12,,School is eligible for Title I Schoolwide program (SWP) and provides Title I Schoolwide program,Yes,Yes,No,No,No,No,15.0,220.0,0.0,220.0,No,Yes,No,No,223.0,17021,17011,170993005794,1704,,No,610385,Multicultural Acad Scholarship,Multicultural Academy of Scholarship,Multicultural Acad Scholarship,Multicultural Acad of Scholarshp HS,3120,S,Kostner Ave,Chicago,IL,60623,7630.0,55181,HS,30.0,South Lawndale,Pilsen - Little Village,16.0,7.0,170318305001006,41.8360356836,-87.7341216358999,170993005794,170993005794,17031830500,both,both,170993005794,230,19.5,1.0,0.0,1265312.875,18,0,0,18,0,both,1072,76.86567164179104,90.4,69.4,both,55181,2986394,both,256,22264,17031830500,both,17031830500,72.0762,both
610304,PHOENIX MILITARY HS,78.8,78.8,2017,170993004715,4715,Phoenix Military Academy High School,1709930,City of Chicago SD 299,IL-15-016-2990-25,1501629900803,145 S Campbell Ave,Chicago,IL,60612,145 S Campbell Ave,Chicago,IL,60612,(773)534-7275,Illinois,41.879116,-87.688418,176,16980,City large,17031,High,Regular school,Open,9,12,,School is eligible for Title I Schoolwide program (SWP) and provides Title I Schoolwide program,Yes,Yes,No,No,No,No,23.0,501.0,0.0,501.0,No,Yes,No,No,532.0,17010,17005,170993004715,1707,,Yes under the Community Eligibility Provision (CEP),610304,Phoenix Military HS,Phoenix Military Academy High School,Phoenix Military HS,Phoenix Military Academy HS,145,S,Campbell Ave,Chicago,IL,60612,7310.0,55011,HS,28.0,Near West Side,Near West,23.0,1.0,170312808001010,41.7653075455,-87.6413336827999,170993004715,170993004715,17031280800,both,both,170993004715,531,28.0,2.0,1.0,2881879.25,271,25,23,259,0,both,361,56.78670360110804,75.2,74.9,both,55011,6194710,both,141,20208,17031280800,both,17031280800,71.1502,both
610244,CLARK HS,78.7,78.7,2017,170993001210,1210,Clark  G R Elementary School,1709930,City of Chicago SD 299,IL-15-016-2990-25,1501629902700,1045 S Monitor Ave,Chicago,IL,60644,1045 S Monitor Ave,Chicago,IL,60644,(773)534-6225,Illinois,41.868021,-87.77017,176,16980,City large,17031,Primary,Regular school,Open,Pre-K,8,,School is eligible for Title I Schoolwide program (SWP) and provides Title I Schoolwide program,Yes,Yes,No,No,No,No,13.0,220.0,0.0,220.0,Yes,No,Yes,No,235.0,17008,17004,170993001210,1707,,Yes under the Community Eligibility Provision (CEP),610244,Clark HS,Michele Clark Academic Prep Magnet High School,Clark HS,Clark Acad Prep Magnet High Schl,5101,W,Harrison St,Chicago,IL,60644,6620.0,41051,HS,25.0,Austin,Austin,25.0,2.0,170318314001006,41.8023431427,-87.6721697288,170993001210,170993001210,17031831400,both,both,170993001210,236,16.0,1.0,0.0,1442841.75,0,0,0,0,0,both,967,58.01447776628749,90.5,76.7,both,41051,6236699,both,301,22591,17031831400,both,17031831400,72.3807,both
609734,TAFT HS,78.5,78.5,2017,170993001153,1153,Taft High School,1709930,City of Chicago SD 299,IL-15-016-2990-25,1501629900043,6530 W Bryn Mawr Ave,Chicago,IL,60631,6530 W Bryn Mawr Ave,Chicago,IL,60631,(773)534-1000,Illinois,41.984656,-87.791426,176,16980,City large,17031,High,Regular school,Open,7,12,,School is not eligible for either Title I Targeted Assistance or Schoolwide program,No,No,No,No,No,No,163.0,1836.0,0.0,1836.0,No,Yes,Yes,No,3371.0,17020,17010,170993001153,1705,,Yes under the Community Eligibility Provision (CEP),609734,Taft HS,William Howard Taft High School,Taft HS,Taft High School,6530,W,Bryn Mawr Ave,Chicago,IL,60631,1580.0,46311,HS,10.0,Norwood Park,Sauganash,28.0,9.0,170311003001009,41.9356342059,-87.7834784907999,170993001153,170993001153,17031100300,both,both,170993001153,3373,190.0,9.0,2.0,14759672.0,817,160,111,689,0,both,2676,62.36920777279522,98.6,94.4,both,46311,25640147,both,74,46705,17031100300,both,17031100300,72.3655,both
609756,CURIE HS,77.1,77.1,2017,170993001198,1198,Curie Metropolitan High School,1709930,City of Chicago SD 299,IL-15-016-2990-25,1501629900617,4959 S Archer Ave,Chicago,IL,60632,4959 S Archer Ave,Chicago,IL,60632,(773)535-2100,Illinois,41.801913,-87.722181,176,16980,City large,17031,High,Regular school,Open,9,12,,School is eligible for Title I Schoolwide program (SWP) and provides Title I Schoolwide program,Yes,Yes,No,Yes,No,No,155.0,2716.0,0.0,2716.0,No,Yes,No,No,2918.0,17001,17001,170993001198,1704,,Yes under the Community Eligibility Provision (CEP),609756,Curie HS,Marie Sklodowska Curie Metropolitan High School,Curie HS,Curie Metropolitan High School,4959,S,Archer Ave,Chicago,IL,60632,1820.0,53101,HS,57.0,Archer Heights,McKinley Park,17.0,7.0,170315704002002,41.8305544189,-87.6192522266999,170993001198,170993001198,17031570400,both,both,170993001198,2916,187.5,9.0,4.0,14787160.0,537,79,19,512,0,both,525,55.42857142857143,88.2,84.4,both,53101,27934553,both,71,23170,17031570400,both,17031570400,71.5503,both
400022,CHIARTS HS,76.2,76.2,2017,170993006058,6058,Chicago High School for the Arts,1709930,City of Chicago SD 299,IL-15-016-2990-25,1501629900851,2714 W Augusta Blvd,Chicago,IL,60622,2714 W Augusta Blvd,Chicago,IL,60622,(773)534-9710,Illinois,41.899534,-87.695034,176,16980,City large,17031,High,Regular school,Open,9,12,,School is not eligible for either Title I Targeted Assistance or Schoolwide program,No,No,No,Yes,No,No,,275.0,0.0,275.0,No,Yes,No,No,612.0,17004,17002,170993006058,1704,,Yes under the Community Eligibility Provision (CEP),400022,Chgo Arts Contr HS,Chicago High School for the Arts,Chgo Arts Contr HS,Chicago HS for the Arts,521,E,35th St,Chicago,IL,60616i,8047.0,63051,HS,35.0,Douglas,Bronzeville,15.0,3.0,170313510002005,41.8311449727999,-87.6136286802999,170993006058,170993006058,17031351000,both,both,170993006058,620,39.0,2.0,0.0,3247853.75,255,25,17,249,0,both,2335,81.32762312633834,94.3,74.5,both,63051,5879136,both,136,45978,17031351000,both,17031351000,69.1639,both
610390,RICKOVER MILITARY HS,75.5,75.5,2017,170993005078,5078,Rickover Naval Academy High School,1709930,City of Chicago SD 299,IL-15-016-2990-25,1501629900828,5900 N Glenwood Ave,Chicago,IL,60660,5900 N Glenwood Ave,Chicago,IL,60660,(773)534-2890,Illinois,41.98902,-87.666421,176,16980,City large,17031,High,Regular school,Open,9,12,,School is eligible for Title I Schoolwide program (SWP) and provides Title I Schoolwide program,Yes,Yes,No,No,No,No,26.0,498.0,0.0,498.0,No,Yes,No,No,555.0,17014,17007,170993005078,1709,,No,610390,Rickover HS,Hyman G Rickover Naval Academy High School,Rickover HS,Rickover Naval Academy High Schl,5900,N,Glenwood Ave,Chicago,IL,60660,7140.0,45221,HS,77.0,Edgewater,Ravenswood,30.0,10.0,170310305002008,41.8035152649,-87.6673410967,170993005078,170993005078,17031030500,both,both,170993005078,554,33.0,3.0,0.0,3152579.5,144,0,0,144,0,both,2864,93.01675977653632,98.0,90.6,both,45221,5715956,both,116,50615,17031030500,both,17031030500,70.00489999999999,both
609730,SENN HS,75.3,75.3,2017,170993001114,1114,Senn High School,1709930,City of Chicago SD 299,IL-15-016-2990-25,1501629900037,5900 N Glenwood Ave,Chicago,IL,60660,5900 N Glenwood Ave,Chicago,IL,60660,(773)534-2365,Illinois,41.989094,-87.666773,176,16980,City large,17031,High,Regular school,Open,9,12,,School is eligible for Title I Schoolwide program (SWP) and provides Title I Schoolwide program,Yes,Yes,No,No,No,No,97.0,1178.0,0.0,1178.0,No,Yes,No,No,1449.0,17014,17007,170993001114,1709,,Yes under the Community Eligibility Provision (CEP),609730,Senn HS,Nicholas Senn High School,Senn HS,Senn High School,5900,N,Glenwood Ave,Chicago,IL,60660,1540.0,47061,HS,77.0,Edgewater,Ravenswood,30.0,10.0,170310305002008,41.9648004455,-87.7148181431,170993001114,170993001114,17031030500,both,both,170993001114,1441,104.0,5.0,0.0,7838618.5,246,0,23,232,0,both,2864,93.01675977653632,98.0,90.6,both,47061,13148251,both,116,50615,17031030500,both,17031030500,70.00489999999999,both
609679,PROSSER HS,72.6,72.6,2017,170993000681,681,Prosser Career Academy High School,1709930,City of Chicago SD 299,IL-15-016-2990-25,1501629900534,2148 N Long Ave,Chicago,IL,60639,2148 N Long Ave,Chicago,IL,60639,(773)534-3200,Illinois,41.91938,-87.761802,176,16980,City large,17031,High,Regular school,Open,9,12,,School is eligible for Title I Schoolwide program (SWP) and provides Title I Schoolwide program,Yes,Yes,No,No,No,No,79.0,1292.0,0.0,1292.0,No,Yes,No,No,1395.0,17003,17002,170993000681,1704,,Yes under the Community Eligibility Provision (CEP),609679,Prosser HS,Charles Allen Prosser Career Academy High School,Prosser HS,Prosser Career Academy HS,2148,N,Long Ave,Chicago,IL,60639,1070.0,53041,HS,19.0,Belmont Cragin,Belmont Cragin,26.0,8.0,170311912002000,41.8402261095,-87.6176007457,170993000681,170993000681,17031191200,both,both,170993000681,1394,85.7,3.5,0.0,6643762.0,286,0,0,287,0,both,988,53.44129554655871,96.1,69.8,both,53041,13656595,both,211,22686,17031191200,both,17031191200,72.4929,both
610357,SPRY HS,72.1,72.1,2017,170993005677,5677,Spry Community Links High School,1709930,City of Chicago SD 299,IL-15-016-2990-25,1501629900818,2400 S Marshall Blvd,Chicago,IL,60623,2400 S Marshall Blvd,Chicago,IL,60623,(773)534-1997,Illinois,41.848607,-87.697784,176,16980,City large,17031,High,Regular school,Open,9,12,,School is eligible for Title I Schoolwide program (SWP) and provides Title I Schoolwide program,Yes,Yes,No,No,No,No,11.0,126.0,0.0,126.0,No,Yes,No,No,131.0,17021,17011,170993005677,1704,,No,610357,Spry HS,Spry Community Links High School,Spry HS,Spry Community Links High School,2400,S,Marshall Blvd,Chicago,IL,60623,7930.0,46461,HS,30.0,South Lawndale,Pilsen - Little Village,16.0,7.0,170313011001004,41.9617218110999,-87.7071139757999,170993005677,170993005677,17031301100,both,both,170993005677,129,14.0,1.0,1.0,1114212.0,52,0,0,52,0,both,796,50.0,86.2,64.5,both,46461,2116249,both,367,21376,17031301100,both,17031301100,71.8057,both
609695,AMUNDSEN HS,70.7,70.7,2017,170993000587,587,Amundsen High School,1709930,City of Chicago SD 299,IL-15-016-2990-25,1501629900001,5110 N Damen Ave,Chicago,IL,60625,5110 N Damen Ave,Chicago,IL,60625,(773)534-2320,Illinois,41.975232,-87.680089,176,16980,City large,17031,High,Regular school,Open,9,12,,School is eligible for Title I Schoolwide program (SWP) and provides Title I Schoolwide program,Yes,Yes,No,No,No,No,64.0,1023.0,0.0,1023.0,No,Yes,No,No,1227.0,17013,17007,170993000587,1705,,Yes under the Community Eligibility Provision (CEP),609695,Amundsen HS,Roald Amundsen High School,Amundsen HS,Amundsen High School,5110,N,Damen Ave,Chicago,IL,60625,1210.0,46031,HS,4.0,Lincoln Square,Ravenswood,30.0,12.0,170310404022002,41.8900046421,-87.7073328694999,170993000587,170993000587,17031040402,both,both,170993000587,1226,75.0,3.0,0.0,6422065.5,45,0,29,16,0,both,2479,96.4501815248084,97.3,93.1,both,46031,11637203,both,140,57849,17031040402,both,17031040402,71.267,both
609741,HUBBARD HS,70.4,70.4,2017,170993000889,889,Hubbard High School,1709930,City of Chicago SD 299,IL-15-016-2990-25,1501629900020,6200 S Hamlin Ave,Chicago,IL,60629,6200 S Hamlin Ave,Chicago,IL,60629,(773)535-2200,Illinois,41.780103,-87.718726,176,16980,City large,17031,High,Regular school,Open,9,12,,School is eligible for Title I Schoolwide program (SWP) and provides Title I Schoolwide program,Yes,Yes,No,No,No,No,95.0,1715.0,0.0,1715.0,No,Yes,No,No,1778.0,17022,17011,170993000889,1703,,Yes under the Community Eligibility Provision (CEP),609741,Hubbard HS,Gurdon S Hubbard High School,Hubbard HS,Hubbard High School,6200,S,Hamlin Ave,Chicago,IL,60629,1670.0,46341,HS,65.0,West Lawn,Chicago Lawn,8.0,7.0,170316501003011,41.6881643780999,-87.5375700910999,170993000889,170993000889,17031650100,both,both,170993000889,1777,103.0,5.0,0.0,8139949.5,407,0,0,408,0,both,1206,64.6766169154229,88.9,74.0,both,46341,16741626,both,332,19429,17031650100,both,17031650100,70.4545,both
609713,HYDE PARK HS,69.8,69.8,2017,170993000893,893,Hyde Park Academy High School,1709930,City of Chicago SD 299,IL-15-016-2990-25,1501629900021,6220 S Stony Island,Chicago,IL,60637,6220 S Stony Island,Chicago,IL,60637,(773)535-0880,Illinois,41.78211,-87.587269,176,16980,City large,17031,High,Regular school,Open,9,12,,School is eligible for Title I Schoolwide program (SWP) and provides Title I Schoolwide program,Yes,Yes,No,No,No,No,45.0,839.0,0.0,839.0,No,Yes,No,No,850.0,17025,17013,170993000893,1701,,Yes under the Community Eligibility Provision (CEP),609713,Hyde Park HS,Hyde Park Academy High School,Hyde Park HS,Hyde Park Academy High School,6220,S,Stony Island Ave,Chicago,IL,60637,1390.0,46171,HS,42.0,Woodlawn,Woodlawn,13.0,3.0,170314201001023,41.7751246565999,-87.6690526443999,170993000893,170993000893,17031420100,both,both,170993000893,856,54.0,2.0,2.0,4205745.0,43,0,0,43,0,both,740,63.37837837837837,92.9,65.0,both,46171,8565506,both,354,24175,17031420100,both,17031420100,68.7334,both
609724,MATHER HS,69.8,69.8,2017,170993000977,977,Mather High School,1709930,City of Chicago SD 299,IL-15-016-2990-25,1501629900030,5835 N Lincoln Ave,Chicago,IL,60659,5835 N Lincoln Ave,Chicago,IL,60659,(773)534-2350,Illinois,41.988119,-87.701409,176,16980,City large,17031,High,Regular school,Open,9,12,,School is eligible for Title I Schoolwide program (SWP) and provides Title I Schoolwide program,Yes,Yes,No,No,No,No,82.0,1278.0,0.0,1278.0,No,Yes,No,No,1451.0,17013,17007,170993000977,1705,,Yes under the Community Eligibility Provision (CEP),609724,Mather HS,Stephen T Mather High School,Mather HS,Mather High School,5835,N,Lincoln Ave,Chicago,IL,60659,1480.0,46241,HS,2.0,West Ridge,Ravenswood,30.0,10.0,170310207011000,41.8709663946999,-87.6998962076999,170993000977,170993000977,17031020701,both,both,170993000977,1442,94.0,5.0,0.0,7191860.5,355,66,93,319,0,both,615,86.34146341463415,95.5,92.8,both,46241,14017049,both,55,35982,17031020701,both,17031020701,71.7018,both
609739,WASHINGTON HS,69.7,69.7,2017,170993001189,1189,Washington G High School,1709930,City of Chicago SD 299,IL-15-016-2990-25,1501629900048,3535 E 114th St,Chicago,IL,60617,3535 E 114th St,Chicago,IL,60617,(773)535-5725,Illinois,41.687525,-87.53905,176,16980,City large,17031,High,Regular school,Open,9,12,,School is eligible for Title I Schoolwide program (SWP) and provides Title I Schoolwide program,Yes,Yes,No,No,No,No,83.0,1327.0,0.0,1327.0,No,Yes,No,No,1440.0,17025,17013,170993001189,1702,,Yes under the Community Eligibility Provision (CEP),609739,Washington HS,George Washington High School,Washington HS,Washington  G High School,3535,E,114th St,Chicago,IL,60617,1630.0,46331,HS,52.0,East Side,Far East Side,2.0,4.0,170315206001060,41.9731844483,-87.7134230181,170993001189,170993001189,17031520600,both,both,170993001189,1436,94.0,4.0,4.0,6530511.5,285,31,18,252,0,both,801,57.42821473158551,87.1,83.3,both,46331,12888310,both,94,26359,17031520600,both,17031520600,67.4711,both
609727,PHILLIPS HS,69.6,69.6,2017,170993001061,1061,Phillips Academy High School,1709930,City of Chicago SD 299,IL-15-016-2990-25,1501629900034,244 E Pershing Rd,Chicago,IL,60653,244 E Pershing Rd,Chicago,IL,60653,(773)535-1603,Illinois,41.824429,-87.619904,176,16980,City large,17031,High,Regular school,Open,9,12,,School is eligible for Title I Schoolwide program (SWP) and provides Title I Schoolwide program,Yes,Yes,No,No,No,No,38.0,595.0,0.0,595.0,No,Yes,No,No,623.0,17005,17003,170993001061,1701,,Yes under the Community Eligibility Provision (CEP),609727,Phillips HS,Wendell Phillips Academy High School,Phillips HS,Phillips Academy High School,244,E,Pershing Rd,Chicago,IL,60653,1510.0,46261,HS,35.0,Douglas,Bronzeville,15.0,3.0,170318396002013,41.6920111235999,-87.6656755724,170993001061,170993001061,17031839600,both,both,170993001061,634,40.0,2.0,0.0,3086816.0,56,22,12,42,0,both,785,58.08917197452229,89.3,83.2,both,46261,6817004,both,192,42038,17031839600,both,17031839600,69.4785,both
609718,KENNEDY HS,69.4,69.4,2017,170993000924,924,Kennedy High School,1709930,City of Chicago SD 299,IL-15-016-2990-25,1501629900024,6325 W 56th St,Chicago,IL,60638,6325 W 56th St,Chicago,IL,60638,(773)535-2325,Illinois,41.790206,-87.780788,176,16980,City large,17031,High,Regular school,Open,9,12,,School is eligible for Title I Schoolwide program (SWP) and provides Title I Schoolwide program,Yes,Yes,No,No,No,No,96.0,1266.0,0.0,1266.0,No,Yes,No,No,1688.0,17022,17011,170993000924,1703,,Yes under the Community Eligibility Provision (CEP),609718,Kennedy HS,John F Kennedy High School,Kennedy HS,Kennedy High School,6325,W,56th St,Chicago,IL,60638,1420.0,46201,HS,56.0,Garfield Ridge,MDW,7.0,11.0,170315611006006,41.8187296523,-87.694601984,170993000924,170993000924,17031561100,both,both,170993000924,1691,108.0,5.0,0.0,7503292.0,213,18,7,200,0,both,1877,74.90676611614278,94.1,96.2,both,46201,15442674,both,177,40117,17031561100,both,17031561100,71.803,both
610513,AIR FORCE HS,68.9,68.9,2017,170993006055,6055,Air Force Academy High School,1709930,City of Chicago SD 299,IL-15-016-2990-25,1501629900848,3630 S Wells St,Chicago,IL,60609,3630 S Wells St,Chicago,IL,60609,(773)535-1590,Illinois,41.827898,-87.632962,176,16980,City large,17031,High,Regular school,Open,9,12,,School is eligible for Title I Schoolwide program (SWP) and provides Title I Schoolwide program,Yes,Yes,No,No,No,No,17.0,228.0,0.0,228.0,No,Yes,No,No,261.0,17006,17003,170993006055,1703,,Yes under the Community Eligibility Provision (CEP),610513,Air Force HS,Air Force Academy High School,Air Force HS,Air Force Acad High School,3630,S,Wells St,Chicago,IL,60609,1055.0,45231,HS,34.0,Armour Square,Bridgeport - Chinatown,18.0,2.0,170313406001012,41.8277744098,-87.6775785338,170993006055,170993006055,17031340600,both,both,170993006055,263,21.0,2.0,0.0,2223381.25,37,19,0,26,0,both,413,38.7409200968523,65.9,28.599999999999994,both,45231,3703462,both,226,13421,17031340600,both,17031340600,69.51259999999999,both
609691,NORTH-GRAND HS,68.5,68.5,2017,170993005074,5074,North-Grand High School,1709930,City of Chicago SD 299,IL-15-016-2990-25,1501629900825,4338 W Wabansia Ave,Chicago,IL,60639,4338 W Wabansia Ave,Chicago,IL,60639,(773)534-8520,Illinois,41.912521,-87.735313,176,16980,City large,17031,High,Regular school,Open,9,12,,School is eligible for Title I Schoolwide program (SWP) and provides Title I Schoolwide program,Yes,Yes,No,No,No,No,57.0,922.0,0.0,922.0,No,Yes,No,No,968.0,17004,17002,170993005074,1704,,Yes under the Community Eligibility Provision (CEP),609691,North-grand HS,North-Grand High School,North-grand HS,North-Grand High School,4338,W,Wabansia Ave,Chicago,IL,60639,1140.0,46431,HS,23.0,Humboldt Park,Humboldt Park,21.0,8.0,170312305002003,41.9015461529999,-87.6344637275999,170993005074,170993005074,17031230500,both,both,170993005074,960,63.0,4.0,0.0,5013560.5,136,24,0,122,0,both,1124,62.45551601423488,97.2,61.8,both,46431,9469949,both,433,23232,17031230500,both,17031230500,72.6627,both
609759,CLEMENTE HS,68.1,68.1,2017,170993001086,1086,Clemente Community Academy High School,1709930,City of Chicago SD 299,IL-15-016-2990-25,1501629900545,1147 N Western Ave,Chicago,IL,60622,1147 N Western Ave,Chicago,IL,60622,(773)534-4000,Illinois,41.902601,-87.685986,176,16980,City large,17031,High,Regular school,Open,9,12,,School is eligible for Title I Schoolwide program (SWP) and provides Title I Schoolwide program,Yes,Yes,No,No,No,No,43.0,707.0,0.0,707.0,No,Yes,No,No,753.0,17004,17002,170993001086,1705,,Yes under the Community Eligibility Provision (CEP),609759,Clemente HS,Roberto Clemente Community Academy High School,Clemente HS,Clemente Community Academy HS,1147,N,Western Ave,Chicago,IL,60622,1840.0,51091,HS,24.0,West Town,Humboldt Park,21.0,12.0,170312424001001,41.8786020833,-87.6642700568,170993001086,170993001086,17031242400,both,both,170993001086,755,56.0,2.0,2.0,4253778.5,118,16,20,99,0,both,1370,88.6861313868613,96.3,89.1,both,51091,8307520,both,56,48333,17031242400,both,17031242400,71.1694,both
609732,STEINMETZ HS,67.9,67.9,2017,170993001139,1139,Steinmetz College Prep High School,1709930,City of Chicago SD 299,IL-15-016-2990-25,1501629900041,3030 N Mobile Ave,Chicago,IL,60634,3030 N Mobile Ave,Chicago,IL,60634,(773)534-3030,Illinois,41.935607,-87.784325,176,16980,City large,17031,High,Regular school,Open,9,12,,School is eligible for Title I Schoolwide program (SWP) and provides Title I Schoolwide program,Yes,Yes,No,Yes,No,No,74.0,1147.0,0.0,1147.0,No,Yes,No,No,1262.0,17003,17002,170993001139,1705,,Yes under the Community Eligibility Provision (CEP),609732,Steinmetz College Prep HS,Charles P Steinmetz College Preparatory HS,Steinmetz College Prep HS,Steinmetz College Prep HS,3030,N,Mobile Ave,Chicago,IL,60634,1560.0,46291,HS,19.0,Belmont Cragin,Belmont Cragin,26.0,9.0,170311904011023,41.9463432311,-87.7356352652,170993001139,170993001139,17031190401,both,both,170993001139,1276,79.0,4.0,0.0,6570590.0,161,49,0,147,0,both,1234,67.26094003241491,88.4,82.3,both,46291,13707030,both,165,30870,17031190401,both,17031190401,73.404,both
610381,BRONZEVILLE HS,67.9,67.9,2017,170993005792,5792,Bronzeville Scholastic High School,1709930,City of Chicago SD 299,IL-15-016-2990-25,1501629900834,4934 S Wabash Ave,Chicago,IL,60615,4934 S Wabash Ave,Chicago,IL,60615,(773)535-1150,Illinois,41.804436,-87.62508,176,16980,City large,17031,High,Regular school,Open,9,12,,School is eligible for Title I Schoolwide program (SWP) and provides Title I Schoolwide program,Yes,Yes,No,Yes,No,No,19.0,306.0,0.0,306.0,No,Yes,No,No,321.0,17005,17003,170993005792,1707,,Yes under the Community Eligibility Provision (CEP),610381,Bronzeville HS,Bronzeville Scholastic Academy High School,Bronzeville HS,Bronzeville Scholastic HS,4934,S,Wabash Ave,Chicago,IL,60615,7270.0,55191,HS,38.0,Grand Boulevard,Bronzeville,15.0,3.0,170313818001010,41.7341529087999,-87.6467675163,170993005792,170993005792,17031381800,both,both,170993005792,322,21.0,1.0,0.0,1741379.25,1,0,0,2,0,both,537,62.56983240223464,95.2,74.9,both,55191,4149943,both,170,35583,17031381800,both,17031381800,69.4213,both
609760,CARVER MILITARY HS,67.6,67.6,2017,170993000671,671,Carver Military Academy High School,1709930,City of Chicago SD 299,IL-15-016-2990-25,1501629900006,13100 S Doty Ave,Chicago,IL,60827,13100 S Doty Ave,Chicago,IL,60827,(773)535-5250,Illinois,41.656534,-87.589046,176,16980,City large,17031,High,Regular school,Open,9,12,,School is eligible for Title I Schoolwide program (SWP) and provides Title I Schoolwide program,Yes,Yes,No,No,No,No,20.0,448.0,0.0,448.0,No,Yes,No,No,479.0,17034,17017,170993000671,1702,,Yes under the Community Eligibility Provision (CEP),609760,Carver Military,George Washington Carver Military Academy HS,Carver Military,Carver Military Academy HS,13100,S,Doty Ave,Chicago,IL,60627,1850.0,46381,HS,54.0,Riverdale,Far South Side,22.0,4.0,170315401022003,41.8030814219,-87.7220649188,170993000671,170993000671,17031540102,both,both,170993000671,478,25.0,1.0,0.0,3080580.5,55,30,0,25,0,both,1150,49.826086956521735,72.3,36.2,both,46381,5461029,both,651,15660,17031540102,both,17031540102,68.6421,both
609692,SIMEON HS,66.7,66.7,2017,170993000758,758,Simeon Career Academy High School,1709930,City of Chicago SD 299,IL-15-016-2990-25,1501629900537,8147 S Vincennes Ave,Chicago,IL,60620,8147 S Vincennes Ave,Chicago,IL,60620,(773)535-3200,Illinois,41.74549,-87.634742,176,16980,City large,17031,High,Regular school,Open,9,12,,School is eligible for Title I Schoolwide program (SWP) and provides Title I Schoolwide program,Yes,Yes,No,No,No,No,66.0,1212.0,0.0,1212.0,No,Yes,No,No,1335.0,17031,17016,170993000758,1701,,Yes under the Community Eligibility Provision (CEP),609692,Simeon HS,Neal F Simeon Career Academy High School,Simeon HS,Simeon Career Academy High School,8147,S,Vincennes Ave,Chicago,IL,60620,1150.0,53061,HS,44.0,Chatham,Auburn Gresham,5.0,4.0,170318424003036,41.8028808659,-87.6623145150999,170993000758,170993000758,17031842400,both,both,170993000758,1335,71.0,2.0,0.0,6499405.5,0,0,0,0,0,both,1275,71.52941176470588,77.9,73.9,both,53061,12474172,both,278,28821,17031842400,both,17031842400,69.79639999999999,both
609719,LAKE VIEW HS,66.2,66.2,2017,170993000941,941,Lake View High School,1709930,City of Chicago SD 299,IL-15-016-2990-25,1501629900026,4015 N Ashland Ave,Chicago,IL,60613,4015 N Ashland Ave,Chicago,IL,60613,(773)534-5440,Illinois,41.955475,-87.668633,176,16980,City large,17031,High,Regular school,Open,9,12,,School is eligible for Title I Schoolwide program (SWP) and provides Title I Schoolwide program,Yes,Yes,No,No,No,No,78.0,1127.0,0.0,1127.0,No,Yes,No,No,1391.0,17011,17006,170993000941,1705,,Yes under the Community Eligibility Provision (CEP),609719,Lake View HS,Lake View High School,Lake View HS,Lake View High School,4015,N,Ashland Ave,Chicago,IL,60613,1430.0,46211,HS,6.0,Lake View,Ravenswood,30.0,12.0,170310601003006,41.92794584,-87.7359995221,170993000941,170993000941,17031060100,both,both,170993000941,1389,87.5,5.0,2.0,6666651.0,254,0,33,240,0,both,1227,91.11654441727792,98.4,94.7,both,46211,12478124,both,38,62577,17031060100,both,17031060100,70.3412,both
609728,ROOSEVELT HS,66.1,66.1,2017,170993001093,1093,Roosevelt High School,1709930,City of Chicago SD 299,IL-15-016-2990-25,1501629900035,3436 W Wilson Ave,Chicago,IL,60625,3436 W Wilson Ave,Chicago,IL,60625,(773)534-5000,Illinois,41.964989,-87.714552,176,16980,City large,17031,High,Regular school,Open,7,12,,School is eligible for Title I Schoolwide program (SWP) and provides Title I Schoolwide program,Yes,Yes,No,No,No,No,68.0,1068.0,0.0,1068.0,No,Yes,Yes,No,1113.0,17040,17020,170993001093,1704,,Yes under the Community Eligibility Provision (CEP),609728,Roosevelt HS,Theodore Roosevelt High School,Roosevelt HS,Roosevelt High School,3436,W,Wilson Ave,Chicago,IL,60625,1520.0,46271,HS,14.0,Albany Park,Albany Irving,27.0,8.0,170311407023000,41.6927350913,-87.6163519043,170993001093,170993001093,17031140702,both,both,170993001093,1099,78.0,2.0,2.0,5661820.0,97,12,0,89,0,both,2060,68.59223300970874,93.0,76.8,both,46271,12326817,both,327,28096,17031140702,both,17031140702,71.6599,both
609725,MORGAN PARK HS,65.5,65.5,2017,170993001002,1002,Morgan Park High School,1709930,City of Chicago SD 299,IL-15-016-2990-25,1501629900031,1744 W Pryor Ave,Chicago,IL,60643,1744 W Pryor Ave,Chicago,IL,60643,(773)535-2550,Illinois,41.692187,-87.665682,176,16980,City large,17031,High,Regular school,Open,7,12,,School is eligible for Title I Schoolwide program (SWP) and provides Title I Schoolwide program,Yes,Yes,No,No,No,No,78.0,1122.0,0.0,1122.0,No,Yes,Yes,No,1267.0,17027,17014,170993001002,1701,,Yes under the Community Eligibility Provision (CEP),609725,Morgan Park HS,Morgan Park High School,Morgan Park HS,Morgan Park High School,1744,W,Pryor Ave,Chicago,IL,60643,1490.0,46251,HS,75.0,Morgan Park,Beverly,3.0,5.0,170317505003002,41.8784166475999,-87.7080494805999,170993001002,170993001002,17031750500,both,both,170993001002,1271,82.5,2.0,1.0,7401217.5,84,0,0,84,0,both,2087,53.80929563967417,88.9,76.6,both,46251,13500215,both,327,35894,17031750500,both,17031750500,68.9847,both
609715,KELLY HS,64.7,64.7,2017,170993000920,920,Kelly High School,1709930,City of Chicago SD 299,IL-15-016-2990-25,1501629900022,4136 S California Av,Chicago,IL,60632,4136 S California Av,Chicago,IL,60632,(773)535-4900,Illinois,41.818178,-87.694838,176,16980,City large,17031,High,Regular school,Open,9,12,,School is eligible for Title I Schoolwide program (SWP) and provides Title I Schoolwide program,Yes,Yes,No,No,No,No,98.0,1807.0,0.0,1807.0,No,Yes,No,No,1881.0,17021,17011,170993000920,1704,,Yes under the Community Eligibility Provision (CEP),609715,Kelly HS,Thomas Kelly High School,Kelly HS,Kelly High School,4136,S,California Ave,Chicago,IL,60632,1400.0,46181,HS,58.0,Brighton Park,McKinley Park,17.0,7.0,170315805012008,41.7537488720999,-87.6016906389999,170993000920,170993000920,17031580501,both,both,170993000920,1891,122.0,4.0,0.0,9806303.0,168,40,27,132,0,both,1379,62.94416243654823,91.2,72.3,both,46181,20742829,both,389,23895,17031580501,both,17031580501,70.9734,both
609711,HARPER HS,63.9,63.9,2017,170993000852,852,Harper High School,1709930,City of Chicago SD 299,IL-15-016-2990-25,1501629900017,6520 S Wood St,Chicago,IL,60636,6520 S Wood St,Chicago,IL,60636,(773)535-9150,Illinois,41.775322,-87.669837,176,16980,City large,17031,High,Regular school,Open,9,12,,School is eligible for Title I Schoolwide program (SWP) and provides Title I Schoolwide program,Yes,Yes,No,No,No,No,10.0,131.0,0.0,131.0,No,Yes,No,No,133.0,17006,17003,170993000852,1707,,Yes under the Community Eligibility Provision (CEP),609711,Harper HS,William Rainey Harper High School,Harper HS,Harper High School,6520,S,Wood St,Chicago,IL,60636,1360.0,46151,HS,67.0,West Englewood,Englewood,4.0,2.0,170316713001026,41.7910134089,-87.6889172814999,170993000852,170993000852,17031671300,both,both,170993000852,134,10.0,1.0,1.0,1423875.125,0,0,0,0,0,both,606,48.18481848184818,69.3,75.6,both,46151,3616671,both,276,20599,17031671300,both,17031671300,70.0134,both
609723,MARSHALL HS,63.2,63.2,2017,170993000972,972,Marshall Metropolitan High School,1709930,City of Chicago SD 299,IL-15-016-2990-25,1501629900029,3250 W Adams St,Chicago,IL,60624,3250 W Adams St,Chicago,IL,60624,(773)534-6455,Illinois,41.878873,-87.707189,176,16980,City large,17031,High,Regular school,Open,9,12,,School is eligible for Title I Schoolwide program (SWP) and provides Title I Schoolwide program,Yes,Yes,No,Yes,No,No,24.0,329.0,0.0,329.0,No,Yes,No,No,337.0,17010,17005,170993000972,1707,,Yes under the Community Eligibility Provision (CEP),609723,Marshall HS,John Marshall Metropolitan High School,Marshall HS,Marshall Metropolitan High School,3250,W,Adams St,Chicago,IL,60624,1470.0,47041,HS,27.0,East Garfield Park,Garfield - West Humboldt,20.0,1.0,170312713001004,41.9466720153999,-87.6910127403999,170993000972,170993000972,17031271300,both,both,170993000972,341,28.0,0.0,0.0,2315346.75,22,0,0,22,0,both,360,65.83333333333333,83.1,45.3,both,47041,5789239,both,156,24415,17031271300,both,17031271300,72.2265,both
609764,JUAREZ HS,62.8,62.8,2017,170993000722,722,Juarez Community Academy High School,1709930,City of Chicago SD 299,IL-15-016-2990-25,1501629900767,2150 S Laflin St,Chicago,IL,60608,2150 S Laflin St,Chicago,IL,60608,(773)534-7030,Illinois,41.852914,-87.66456,176,16980,City large,17031,High,Regular school,Open,9,12,,School is eligible for Title I Schoolwide program (SWP) and provides Title I Schoolwide program,Yes,Yes,No,No,No,No,100.0,1678.0,0.0,1678.0,No,Yes,No,No,1743.0,17002,17001,170993000722,1704,,Yes under the Community Eligibility Provision (CEP),609764,Juarez HS,Benito Juarez Community Academy High School,Juarez HS,Juarez Community Academy HS,2150,S,Laflin St,Chicago,IL,60608,1890.0,46421,HS,31.0,Lower West Side,Pilsen - Little Village,16.0,7.0,170313107001020,41.7074460748,-87.6030643545,170993000722,170993000722,17031310700,both,both,170993000722,1734,110.0,5.0,0.0,7768499.0,183,0,0,183,0,both,505,75.24752475247524,94.7,73.8,both,46421,15191521,both,75,22589,17031310700,both,17031310700,70.56569999999999,both
609710,HARLAN HS,62.3,62.3,2017,170993000851,851,Harlan Community Academy High School,1709930,City of Chicago SD 299,IL-15-016-2990-25,1501629900016,9652 S Michigan Ave,Chicago,IL,60628,9652 S Michigan Ave,Chicago,IL,60628,(773)535-5400,Illinois,41.71875,-87.621348,176,16980,City large,17031,High,Regular school,Open,9,12,,School is eligible for Title I Schoolwide program (SWP) and provides Title I Schoolwide program,Yes,Yes,No,No,No,No,25.0,369.0,0.0,369.0,No,Yes,No,No,382.0,17034,17017,170993000851,1701,,Yes under the Community Eligibility Provision (CEP),609710,Harlan HS,John M Harlan Community Academy High School,Harlan HS,Harlan Community Academy HS,9652,S,Michigan Ave,Chicago,IL,60628,1350.0,51021,HS,49.0,Roseland,Chatham,12.0,4.0,170314905002004,41.9397961358,-87.7542032879999,170993000851,170993000851,17031490500,both,both,170993000851,386,27.0,1.0,0.0,2646353.5,0,0,0,0,0,both,729,74.62277091906722,79.7,84.9,both,51021,6872795,both,189,25455,17031490500,both,17031490500,68.8012,both
610394,UPLIFT HS,61,61.0,2017,170993005787,5787,Uplift Community High School,1709930,City of Chicago SD 299,IL-15-016-2990-25,1501629900829,900 W Wilson Ave,Chicago,IL,60640,900 W Wilson Ave,Chicago,IL,60640,(773)534-2875,Illinois,41.965948,-87.65217,176,16980,City large,17031,High,Regular school,Open,9,12,,School is eligible for Title I Schoolwide program (SWP) and provides Title I Schoolwide program,Yes,Yes,No,No,No,No,19.0,228.0,0.0,228.0,No,Yes,No,No,241.0,17013,17007,170993005787,1709,,Yes under the Community Eligibility Provision (CEP),610394,Uplift HS,Uplift Community High School,Uplift HS,Uplift Community High School,900,W,Wilson Ave,Chicago,IL,60640,2210.0,26861,HS,3.0,Uptown,Ravenswood,30.0,10.0,170310315013003,41.7820414043,-87.6716251948,170993005787,170993005787,17031031501,both,both,170993005787,242,20.5,1.0,0.0,1783062.875,0,0,0,0,0,both,1776,66.0472972972973,88.5,55.8,both,26861,3978280,both,691,26314,17031031501,both,17031031501,70.4863,both
609780,MARINE LEADERSHIP AT AMES HS,59.2,59.2,2017,170993002618,2618,Marine Leadership Academy - Ames,1709930,City of Chicago SD 299,IL-15-016-2990-25,1501629902912,1920 N Hamlin Ave,Chicago,IL,60647,1920 N Hamlin Ave,Chicago,IL,60647,(773)534-4970,Illinois,41.916146,-87.722135,176,16980,City large,17031,High,Regular school,Open,7,12,,School is eligible for Title I Schoolwide program (SWP) and provides Title I Schoolwide program,Yes,Yes,No,No,No,No,47.0,835.0,0.0,835.0,No,Yes,Yes,No,867.0,17004,17002,170993002618,1704,,Yes under the Community Eligibility Provision (CEP),609780,Ames,Ames Middle School,Ames,Ames Middle School,1920,N,Hamlin Ave,Chicago,IL,60647,2090.0,41111,MS,22.0,Logan Square,Logan,9.0,8.0,170312229001004,41.8338264794999,-87.6506520970999,170993002618,170993002618,17031222900,both,both,170993002618,864,55.0,3.0,0.0,4807651.5,98,0,0,98,0,both,300,77.66666666666666,96.0,81.6,both,41111,8528093,both,72,23850,17031222900,both,17031222900,72.1508,both
609729,SCHURZ HS,59,59.0,2017,170993001111,1111,Schurz High School,1709930,City of Chicago SD 299,IL-15-016-2990-25,1501629900036,3601 N Milwaukee Ave,Chicago,IL,60641,3601 N Milwaukee Ave,Chicago,IL,60641,(773)534-3420,Illinois,41.947454,-87.735529,176,16980,City large,17031,High,Regular school,Open,9,12,,School is eligible for Title I Schoolwide program (SWP) and provides Title I Schoolwide program,Yes,Yes,No,No,No,No,102.0,1613.0,0.0,1613.0,No,Yes,No,No,1751.0,17040,17020,170993001111,1705,,Yes under the Community Eligibility Provision (CEP),609729,Schurz HS,Carl Schurz High School,Schurz HS,Schurz High School,3601,N,Milwaukee Ave,Chicago,IL,60641,1530.0,46281,HS,16.0,Irving Park,Albany Irving,27.0,12.0,170311611002015,41.8238525306,-87.6197957432,170993001111,170993001111,17031161100,both,both,170993001111,1739,114.0,4.0,4.0,8516623.0,178,25,59,130,0,both,746,80.02680965147452,98.7,98.2,both,46281,18449897,both,56,63565,17031161100,both,17031161100,72.2578,both
609698,BOGAN HS,58.1,58.1,2017,170993000626,626,Bogan High School,1709930,City of Chicago SD 299,IL-15-016-2990-25,1501629900003,3939 W 79th St,Chicago,IL,60652,3939 W 79th St,Chicago,IL,60652,(773)535-2180,Illinois,41.748598,-87.720583,176,16980,City large,17031,High,Regular school,Open,9,12,,School is eligible for Title I Schoolwide program (SWP) and provides Title I Schoolwide program,Yes,Yes,No,No,No,No,46.0,719.0,0.0,719.0,No,Yes,No,No,778.0,17032,17016,170993000626,1701,,Yes under the Community Eligibility Provision (CEP),609698,Bogan HS,William J Bogan High School,Bogan HS,Bogan High School,3939,W,79th St,Chicago,IL,60652,1230.0,46041,HS,70.0,Ashburn,Ashburn,6.0,11.0,170317004012009,41.7914364693,-87.7244699628,170993000626,170993000626,17031700401,both,both,170993000626,781,56.0,1.0,2.0,4260358.5,0,0,0,0,0,both,1857,74.31340872374797,92.0,85.0,both,46041,9157882,both,415,32458,17031700401,both,17031700401,70.2741,both
400091,CHICAGO TECH HS,56.4,56.4,2017,170993006076,6076,Chicago Technology Academy High School,1709930,City of Chicago SD 299,IL-15-016-2990-25,1501629900850,1301 W 14th St,Chicago,IL,60608,1301 W 14th St,Chicago,IL,60608,(773)534-7755,Illinois,41.863183,-87.659626,176,16980,City large,17031,High,Regular school,Open,9,12,,School is eligible for Title I Schoolwide program (SWP) and provides Title I Schoolwide program,Yes,Yes,No,No,No,No,22.0,223.0,0.0,223.0,No,Yes,No,No,241.0,17009,17005,170993006076,1707,,Yes under the Community Eligibility Provision (CEP),400091,Chicago Tech Academy,Chicago Technology Academy High School,Chicago Tech Academy,Chicago Technology Academy HS,1301,W,14th St,Chicago,IL,60608,8022.0,63091,HS,28.0,Near West Side,Near West,23.0,2.0,170318429003010,41.8633288357,-87.6590960191,170993006076,170993006076,17031842900,both,both,170993006076,240,23.0,1.0,0.0,2236946.0,37,0,0,36,0,both,1148,46.86411149825784,92.8,63.7,both,63091,3339878,both,429,24038,17031842900,both,17031842900,70.8892,both
609750,SIMPSON HS,55,55.0,2017,170993004383,4383,Simpson Academy High School for Young Women,1709930,City of Chicago SD 299,IL-15-016-2990-25,1501629903732,1321 S Paulina St,Chicago,IL,60608,1321 S Paulina St,Chicago,IL,60608,(773)534-7812,Illinois,41.864477,-87.668483,176,16980,City large,17031,High,Regular school,Open,6,12,,School is eligible for Title I Schoolwide program (SWP) and provides Title I Schoolwide program,Yes,Yes,No,No,No,No,10.0,37.0,0.0,37.0,No,Yes,Yes,No,37.0,17009,17005,170993004383,1707,,Yes under the Community Eligibility Provision (CEP),609750,Simpson HS,Simpson Academy High School for Young Women,Simpson HS,Simpson Acad HS for Young Women,1321,S,Paulina St,Chicago,IL,60608,1750.0,49051,HS,28.0,Near West Side,Near West,23.0,2.0,170318429004065,41.8425338464,-87.695224323,170993004383,170993004383,17031842900,both,both,170993004383,42,12.0,1.0,0.0,633842.375,0,0,0,0,0,both,1148,46.86411149825784,92.8,63.7,both,49051,1876352,both,429,24038,17031842900,both,17031842900,70.8892,both
609733,SULLIVAN HS,56.4,56.4,2017,170993001149,1149,Sullivan High School,1709930,City of Chicago SD 299,IL-15-016-2990-25,1501629900042,6631 N Bosworth Ave,Chicago,IL,60626,6631 N Bosworth Ave,Chicago,IL,60626,(773)534-2000,Illinois,42.002831,-87.668928,176,16980,City large,17031,High,Regular school,Open,9,12,,School is eligible for Title I Schoolwide program (SWP) and provides Title I Schoolwide program,Yes,Yes,No,No,No,No,36.0,684.0,0.0,684.0,No,Yes,No,No,730.0,17014,17007,170993001149,1709,,Yes under the Community Eligibility Provision (CEP),609733,Sullivan HS,Roger C Sullivan High School,Sullivan HS,Sullivan High School,6631,N,Bosworth Ave,Chicago,IL,60626,1570.0,46301,HS,1.0,Rogers Park,Ravenswood,30.0,10.0,170318306001000,41.9890331928,-87.6651879968,170993001149,170993001149,17031830600,both,both,170993001149,723,48.5,2.0,3.0,3656245.75,22,0,0,22,0,both,1868,79.55032119914347,94.1,80.8,both,46301,7401090,both,387,29520,17031830600,both,17031830600,71.0577,both
609708,FOREMAN HS,54.6,54.6,2017,170993000799,799,Foreman High School,1709930,City of Chicago SD 299,IL-15-016-2990-25,1501629900013,3235 N Leclaire Ave,Chicago,IL,60641,3235 N Leclaire Ave,Chicago,IL,60641,(773)534-3400,Illinois,41.939595,-87.753937,176,16980,City large,17031,High,Regular school,Open,9,12,,School is eligible for Title I Schoolwide program (SWP) and provides Title I Schoolwide program,Yes,Yes,No,No,No,No,43.0,765.0,0.0,765.0,No,Yes,No,No,798.0,17039,17020,170993000799,1704,,Yes under the Community Eligibility Provision (CEP),609708,Foreman HS,Edwin G Foreman High School,Foreman HS,Foreman High School,3235,N,LeClaire Ave,Chicago,IL,60641,1330.0,46131,HS,15.0,Portage Park,Albany Irving,27.0,12.0,170311510012004,41.6899513075999,-87.6375354477,170993000799,170993000799,17031151001,both,both,170993000799,792,52.0,2.0,0.0,4318621.0,15,0,0,15,0,both,884,64.02714932126696,94.7,80.2,both,46131,10672391,both,174,30292,17031151001,both,17031151001,72.63640000000001,both
609761,CORLISS HS,52.6,52.6,2017,170993001072,1072,Corliss High School,1709930,City of Chicago SD 299,IL-15-016-2990-25,1501629900543,821 E 103rd St,Chicago,IL,60628,821 E 103rd St,Chicago,IL,60628,(773)535-5115,Illinois,41.706533,-87.602607,176,16980,City large,17031,High,Regular school,Open,9,12,,School is eligible for Title I Schoolwide program (SWP) and provides Title I Schoolwide program,Yes,Yes,No,No,No,No,22.0,269.0,0.0,269.0,No,Yes,No,No,308.0,17034,17017,170993001072,1702,,Yes under the Community Eligibility Provision (CEP),609761,Corliss HS,George H Corliss High School,Corliss HS,Corliss High School,821,E,103rd St,Chicago,IL,60628,1860.0,46391,HS,50.0,Pullman,Far South Side,22.0,4.0,170315002001003,41.9026253079999,-87.6869428735,170993001072,170993001072,17031500200,both,both,170993001072,310,25.0,1.0,1.0,2151689.75,73,0,25,65,0,both,790,58.22784810126582,80.5,67.6,both,46391,5540143,both,460,24637,17031500200,both,17031500200,68.5259,both
609676,DUNBAR HS,51.7,51.7,2017,170993000588,588,Dunbar Vocational Career Academy High School,1709930,City of Chicago SD 299,IL-15-016-2990-25,1501629900531,3000 S King Dr,Chicago,IL,60616,3000 S King Dr,Chicago,IL,60616,(773)534-9000,Illinois,41.839591,-87.618741,176,16980,City large,17031,High,Regular school,Open,9,12,,School is eligible for Title I Schoolwide program (SWP) and provides Title I Schoolwide program,Yes,Yes,No,No,No,No,28.0,437.0,0.0,437.0,No,Yes,No,No,439.0,17005,17003,170993000588,1701,,Yes under the Community Eligibility Provision (CEP),609676,Dunbar HS,Paul Laurence Dunbar Career Academy High School,Dunbar HS,Dunbar Vocational Career Acad HS,3000,S,King Dr,Chicago,IL,60616,1030.0,53021,HS,35.0,Douglas,Bronzeville,15.0,3.0,170318392001005,41.8875163594999,-87.702165851,170993000588,170993000588,17031839200,both,both,170993000588,457,35.0,1.0,5.0,2850257.75,0,0,0,0,0,both,1418,75.66995768688294,90.9,77.8,both,53021,7836177,both,304,28500,17031839200,both,17031839200,69.6054,both
609740,WELLS HS,50.9,50.9,2017,170993001192,1192,Wells Community Academy High School,1709930,City of Chicago SD 299,IL-15-016-2990-25,1501629900049,936 N Ashland Ave,Chicago,IL,60622,936 N Ashland Ave,Chicago,IL,60622,(773)534-7010,Illinois,41.899153,-87.668346,176,16980,City large,17031,High,Regular school,Open,9,12,,School is eligible for Title I Schoolwide program (SWP) and provides Title I Schoolwide program,Yes,Yes,No,No,No,No,23.0,347.0,0.0,347.0,No,Yes,No,No,380.0,17004,17002,170993001192,1705,,Yes under the Community Eligibility Provision (CEP),609740,Wells HS,Wells Community Academy High School,Wells HS,Wells Community Academy HS,936,N,Ashland Ave,Chicago,IL,60622,1640.0,51071,HS,24.0,West Town,Near North,10.0,1.0,170312421003000,41.9182675643,-87.6460460882999,170993001192,170993001192,17031242100,both,both,170993001192,380,28.5,2.0,0.0,2324199.0,96,0,22,90,0,both,1666,95.49819927971188,96.6,93.9,both,51071,5153674,both,88,55991,17031242100,both,17031242100,70.5677,both
609705,FENGER HS,49,49.0,2017,170993000792,792,Fenger Academy High School,1709930,City of Chicago SD 299,IL-15-016-2990-25,1501629900012,11220 S Wallace St,Chicago,IL,60628,11220 S Wallace St,Chicago,IL,60628,(773)535-5430,Illinois,41.689552,-87.637839,176,16980,City large,17031,High,Regular school,Open,9,12,,School is eligible for Title I Schoolwide program (SWP) and provides Title I Schoolwide program,Yes,Yes,No,No,No,No,13.0,238.0,0.0,238.0,No,Yes,No,No,244.0,17028,17014,170993000792,1702,,Yes under the Community Eligibility Provision (CEP),609705,Fenger HS,Christian Fenger Academy High School,Fenger HS,Fenger Academy High School,11220,S,Wallace St,Chicago,IL,60628,1310.0,46111,HS,49.0,Roseland,Far South Side,22.0,5.0,170314912003013,41.8775287339,-87.6832489541999,170993000792,170993000792,17031491200,both,both,170993000792,251,13.0,1.0,0.0,1526499.125,0,0,0,0,0,both,694,69.88472622478386,80.2,72.6,both,46111,3762467,both,212,24266,17031491200,both,17031491200,68.6833,both
610334,RABY HS,48.5,48.5,2017,170993005075,5075,Raby High School,1709930,City of Chicago SD 299,IL-15-016-2990-25,1501629900826,3545 W Fulton Blvd,Chicago,IL,60624,3545 W Fulton Blvd,Chicago,IL,60624,(773)534-6755,Illinois,41.8858,-87.715382,176,16980,City large,17031,High,Regular school,Open,9,12,,School is eligible for Title I Schoolwide program (SWP) and provides Title I Schoolwide program,Yes,Yes,No,No,No,No,28.0,378.0,0.0,378.0,No,Yes,No,No,381.0,17010,17005,170993005075,1707,,Yes under the Community Eligibility Provision (CEP),610334,Raby HS,Al Raby High School,Raby HS,Raby High School,3545,W,Fulton Blvd,Chicago,IL,60624,7690.0,46471,HS,27.0,East Garfield Park,Garfield - West Humboldt,20.0,1.0,170318368001018,41.9339427617999,-87.7080400419,170993005075,170993005075,17031836800,both,both,170993005075,378,31.5,1.0,0.0,2326997.0,0,0,0,0,0,both,936,50.0,90.0,40.3,both,46471,5332785,both,577,18250,17031836800,both,17031836800,71.3527,both
609682,RICHARDS HS,47.6,47.6,2017,170993000718,718,Richards Career Academy High School,1709930,City of Chicago SD 299,IL-15-016-2990-25,1501629900536,5009 S Laflin St,Chicago,IL,60609,5009 S Laflin St,Chicago,IL,60609,(773)535-4945,Illinois,41.802843,-87.662097,176,16980,City large,17031,High,Regular school,Open,9,12,,School is eligible for Title I Schoolwide program (SWP) and provides Title I Schoolwide program,Yes,Yes,No,No,No,No,15.0,213.0,0.0,213.0,No,Yes,No,No,217.0,17006,17003,170993000718,1707,,Yes under the Community Eligibility Provision (CEP),609682,Richards HS,Ellen H Richards Career Academy High School,Richards HS,Richards Career Academy HS,5009,S,Laflin St,Chicago,IL,60609,1110.0,53051,HS,61.0,New City,McKinley Park,17.0,7.0,170316112002020,41.9200600619,-87.7610115834,170993000718,170993000718,17031611200,both,both,170993000718,217,16.0,1.0,0.0,1497494.625,0,0,0,0,0,both,708,53.53107344632768,85.9,57.8,both,53051,3326017,both,241,16722,17031611200,both,17031611200,70.8346,both
609712,HIRSCH HS,46.9,46.9,2017,170993000879,879,Hirsch Metropolitan High School,1709930,City of Chicago SD 299,IL-15-016-2990-25,1501629900019,7740 S Ingleside Ave,Chicago,IL,60619,7740 S Ingleside Ave,Chicago,IL,60619,(773)535-3100,Illinois,41.753954,-87.601929,176,16980,City large,17031,High,Regular school,Open,9,12,,School is eligible for Title I Schoolwide program (SWP) and provides Title I Schoolwide program,Yes,Yes,No,Yes,No,No,7.0,135.0,0.0,135.0,No,Yes,No,No,136.0,17005,17003,170993000879,1701,,Yes under the Community Eligibility Provision (CEP),609712,Hirsch HS,Emil G Hirsch Metropolitan High School,Hirsch HS,Hirsch Metropolitan High School,7740,S,Ingleside Ave,Chicago,IL,60619,1380.0,47031,HS,69.0,Greater Grand Crossing,South Shore,11.0,3.0,170316915003000,41.7183727975,-87.6205868145,170993000879,170993000879,17031691500,both,both,170993000879,137,12.0,1.0,0.0,1038801.938,1,0,0,1,0,both,781,48.52752880921895,74.8,62.9,both,47031,3646071,both,401,23819,17031691500,both,17031691500,69.0189,both
609762,JULIAN HS,46.9,46.9,2017,170993000895,895,Julian High School,1709930,City of Chicago SD 299,IL-15-016-2990-25,1501629900763,10330 S Elizabeth St,Chicago,IL,60643,10330 S Elizabeth St,Chicago,IL,60643,(773)535-5170,Illinois,41.70605,-87.654396,176,16980,City large,17031,High,Regular school,Open,9,12,,School is eligible for Title I Schoolwide program (SWP) and provides Title I Schoolwide program,Yes,Yes,No,No,No,No,33.0,500.0,0.0,500.0,No,Yes,No,No,516.0,17027,17014,170993000895,1701,,Yes under the Community Eligibility Provision (CEP),609762,Julian HS,Percy L Julian High School,Julian HS,Julian High School,10330,S,Elizabeth St,Chicago,IL,60643,1870.0,46401,HS,73.0,Washington Heights,Beverly,3.0,4.0,170317307002017,41.6562905593999,-87.5905838017,170993000895,170993000895,17031730700,both,both,170993000895,516,37.0,2.0,0.0,3135945.75,93,17,12,85,0,both,716,71.22905027932961,89.1,73.3,both,46401,8576847,both,250,31094,17031730700,both,17031730700,69.4628,both
609704,FARRAGUT HS,46.5,46.5,2017,170993000788,788,Farragut Career Academy High School,1709930,City of Chicago SD 299,IL-15-016-2990-25,1501629900011,2345 S Christiana Av,Chicago,IL,60623,2345 S Christiana Av,Chicago,IL,60623,(773)534-1300,Illinois,41.849562,-87.708282,176,16980,City large,17031,High,Regular school,Open,9,12,,School is eligible for Title I Schoolwide program (SWP) and provides Title I Schoolwide program,Yes,Yes,No,No,No,No,51.0,724.0,0.0,724.0,No,Yes,No,No,728.0,17021,17011,170993000788,1704,,Yes under the Community Eligibility Provision (CEP),609704,Farragut HS,David G Farragut Career Academy High School,Farragut HS,Farragut Career Academy HS,2345,S,Christiana Ave,Chicago,IL,60623,1300.0,53091,HS,30.0,South Lawndale,Pilsen - Little Village,16.0,7.0,170313008001019,41.7494030471999,-87.7210981621999,170993000788,170993000788,17031300800,both,both,170993000788,728,59.0,2.0,1.0,4645916.5,17,0,0,17,0,both,1103,48.6854034451496,93.9,58.0,both,53091,10052878,both,540,18619,17031300800,both,17031300800,71.6803,both
609674,CHICAGO VOCATIONAL HS,45.2,45.2,2017,170993000943,943,Chicago Vocational Career Academy High School,1709930,City of Chicago SD 299,IL-15-016-2990-25,1501629900526,2100 E 87th St,Chicago,IL,60617,2100 E 87th St,Chicago,IL,60617,(773)535-6100,Illinois,41.737729,-87.572866,176,16980,City large,17031,High,Regular school,Open,9,12,,School is eligible for Title I Schoolwide program (SWP) and provides Title I Schoolwide program,Yes,Yes,No,No,No,No,48.0,827.0,0.0,827.0,No,Yes,No,No,861.0,17033,17017,170993000943,1702,,Yes under the Community Eligibility Provision (CEP),609674,Chicago Vocational HS,Chicago Vocational Career Academy High School,Chicago Vocational HS,Chicago Vocational Career Acad HS,2100,E,87th St,Chicago,IL,60617,1010.0,53011,HS,45.0,Avalon Park,Chatham,12.0,4.0,170314503003005,41.8459653309,-87.68554722,170993000943,170993000943,17031450300,both,both,170993000943,880,53.0,4.0,0.0,4733731.5,54,0,0,54,0,both,1361,66.20132255694342,84.7,83.8,both,53011,11034938,both,356,30176,17031450300,both,17031450300,68.5325,both
609735,TILDEN HS,43.6,43.6,2017,170993001161,1161,Tilden Career Communty Academy High School,1709930,City of Chicago SD 299,IL-15-016-2990-25,1501629900044,4747 S Union Ave,Chicago,IL,60609,4747 S Union Ave,Chicago,IL,60609,(773)535-1625,Illinois,41.807504,-87.642518,176,16980,City large,17031,High,Regular school,Open,9,12,,School is eligible for Title I Schoolwide program (SWP) and provides Title I Schoolwide program,Yes,Yes,No,No,No,No,20.0,236.0,0.0,236.0,No,Yes,No,No,249.0,17006,17003,170993001161,1703,,Yes under the Community Eligibility Provision (CEP),609735,Tilden HS,Edward Tilden Career Community Academy HS,Tilden HS,Tilden Career Communty Academy HS,4747,S,Union Ave,Chicago,IL,60609,1590.0,53121,HS,61.0,New City,McKinley Park,17.0,11.0,170318438001007,42.0026869267,-87.6692289262,170993001161,170993001161,17031843800,both,both,170993001161,248,23.0,1.0,0.0,2005786.0,9,0,0,11,0,both,630,70.15873015873015,79.9,76.1,both,53121,4478030,both,206,31976,17031843800,both,17031843800,69.5665,both
609722,MANLEY HS,41.7,41.7,2017,170993001125,1125,Manley Career Academy High School,1709930,City of Chicago SD 299,IL-15-016-2990-25,1501629900616,2935 W Polk St,Chicago,IL,60612,2935 W Polk St,Chicago,IL,60612,(773)534-6900,Illinois,41.870762,-87.700024,176,16980,City large,17031,High,Regular school,Open,9,12,,School is eligible for Title I Schoolwide program (SWP) and provides Title I Schoolwide program,Yes,Yes,No,No,No,No,9.0,105.0,0.0,105.0,No,Yes,No,No,118.0,17009,17005,170993001125,1707,,Yes under the Community Eligibility Provision (CEP),609722,Manley HS,Manley Career Academy High School,Manley HS,Manley Career Academy High School,2935,W,Polk St,Chicago,IL,60612,1460.0,53111,HS,27.0,East Garfield Park,Garfield - West Humboldt,20.0,2.0,170312718001015,41.9547635348,-87.6689894456,170993001125,170993001125,17031271800,both,both,170993001125,114,12.0,1.0,0.0,1205192.375,17,0,0,17,0,both,213,52.11267605633802,86.3,26.3,both,53111,3128787,both,103,17400,17031271800,both,17031271800,71.8863,both
609709,GAGE PARK HS,40.9,40.9,2017,170993000809,809,Gage Park High School,1709930,City of Chicago SD 299,IL-15-016-2990-25,1501629900015,5630 S Rockwell St,Chicago,IL,60629,5630 S Rockwell St,Chicago,IL,60629,(773)535-9230,Illinois,41.79102,-87.689367,176,16980,City large,17031,High,Regular school,Open,9,12,,School is eligible for Title I Schoolwide program (SWP) and provides Title I Schoolwide program,Yes,Yes,No,No,No,No,22.0,328.0,0.0,328.0,No,Yes,No,No,330.0,17001,17001,170993000809,1703,,Yes under the Community Eligibility Provision (CEP),609709,Gage Park HS,Gage Park High School,Gage Park HS,Gage Park High School,5630,S,Rockwell St,Chicago,IL,60629,1340.0,46141,HS,63.0,Gage Park,McKinley Park,17.0,7.0,170318351002004,41.7697134173999,-87.6371893711999,170993000809,170993000809,17031835100,both,both,170993000809,329,24.0,1.0,0.0,1912312.625,53,0,0,53,0,both,1348,69.58456973293768,80.2,77.3,both,46141,6417880,both,446,23046,17031835100,both,17031835100,70.4769,both
609716,KELVYN PARK HS,40.9,40.9,2017,170993000923,923,Kelvyn Park High School,1709930,City of Chicago SD 299,IL-15-016-2990-25,1501629900023,4343 W Wrightwood Av,Chicago,IL,60639,4343 W Wrightwood Av,Chicago,IL,60639,(773)534-4200,Illinois,41.92744,-87.736051,176,16980,City large,17031,High,Regular school,Open,7,12,,School is eligible for Title I Schoolwide program (SWP) and provides Title I Schoolwide program,Yes,Yes,No,No,No,No,24.0,441.0,0.0,441.0,No,Yes,Yes,No,459.0,17039,17020,170993000923,1704,,Yes under the Community Eligibility Provision (CEP),609716,Kelvyn Park HS,Kelvyn Park High School,Kelvyn Park HS,Kelvyn Park High School,4343,W,Wrightwood Ave,Chicago,IL,60639,1410.0,46191,HS,20.0,Hermosa,Logan,9.0,8.0,170312002002004,41.7822574257,-87.5865783526,170993000923,170993000923,17031200200,both,both,170993000923,451,31.5,1.5,0.0,2491887.5,56,24,0,44,0,both,1596,65.6641604010025,96.6,80.3,both,46191,6340474,both,449,24766,17031200200,both,17031200200,72.47149999999999,both
610518,AUSTIN CCA HS,38.1,38.1,2017,170993005984,5984,Austin College and Career Academy High School,1709930,City of Chicago SD 299,IL-15-016-2990-25,1501629900844,231 N Pine Ave,Chicago,IL,60644,231 N Pine Ave,Chicago,IL,60644,(773)534-0660,Illinois,41.884832,-87.762933,176,16980,City large,17031,High,Regular school,Open,9,12,,School is eligible for Title I Schoolwide program (SWP) and provides Title I Schoolwide program,Yes,Yes,No,Yes,No,No,18.0,212.0,0.0,212.0,No,Yes,No,No,214.0,17008,17004,170993005984,1707,,Yes under the Community Eligibility Provision (CEP),610518,Voise HS,VOISE Academy High School,Voise HS,VOISE Academy High School,231,N,Pine Ave,Chicago,IL,60644,1145.0,46621,HS,25.0,Austin,Austin,25.0,1.0,170312519003008,41.8281457905999,-87.6327202981999,170993005984,170993005984,17031251900,both,both,170993005984,219,19.0,1.0,0.0,1689136.625,29,0,19,26,0,both,1601,50.15615240474703,74.4,52.3,both,46621,3966771,both,729,19353,17031251900,both,17031251900,72.3149,both
610323,BOWEN HS,35.8,35.8,2017,170993005072,5072,Bowen High School,1709930,City of Chicago SD 299,IL-15-016-2990-25,1501629900824,2710 E 89th St,Chicago,IL,60617,2710 E 89th St,Chicago,IL,60617,(773)535-7650,Illinois,41.734303,-87.557463,176,16980,City large,17031,High,Regular school,Open,9,12,,School is eligible for Title I Schoolwide program (SWP) and provides Title I Schoolwide program,Yes,Yes,No,No,No,No,19.0,275.0,0.0,275.0,No,Yes,No,No,294.0,17026,17013,170993005072,1702,,Yes under the Community Eligibility Provision (CEP),610323,Bowen HS,Bowen High School,Bowen HS,Bowen High School,2710,E,89th St,Chicago,IL,60617,7540.0,46491,HS,46.0,South Chicago,South Shore,11.0,4.0,170314606001016,41.8293550503,-87.6678531945999,170993005072,170993005072,17031460600,both,both,170993005072,297,21.0,1.0,0.0,2006787.125,68,0,27,59,0,both,355,60.281690140845065,80.4,83.2,both,46491,5069008,both,105,20642,17031460600,both,17031460600,68.0181,both
610245,DOUGLASS HS,32.6,32.6,2017,170993005789,5789,Douglass Academy High School,1709930,City of Chicago SD 299,IL-15-016-2990-25,1501629900831,543 N Waller Ave,Chicago,IL,60644,543 N Waller Ave,Chicago,IL,60644,(773)534-6176,Illinois,41.890188,-87.767076,176,16980,City large,17031,High,Regular school,Open,9,12,,School is eligible for Title I Schoolwide program (SWP) and provides Title I Schoolwide program,Yes,Yes,No,No,No,No,9.0,98.0,0.0,98.0,No,Yes,No,No,101.0,17078,17039,170993005789,1707,,Yes under the Community Eligibility Provision (CEP),610245,Douglass HS,Frederick A Douglass Academy High School,Douglass HS,Douglass Academy High School,543,N,Waller Ave,Chicago,IL,60644,6630.0,41061,HS,25.0,Austin,Austin,25.0,1.0,170312514002006,41.9599836093999,-87.6497859233,170993005789,170993005789,17031251400,both,both,170993005789,101,9.0,1.0,0.0,1082972.125,0,0,0,0,0,both,1712,46.43691588785047,89.1,71.8,both,41061,2573479,both,508,28578,17031251400,both,17031251400,73.02120000000001,both
610386,PEACE AND EDUCATION HS,24.5,24.5,2017,170993002596,2596,Peace and Education Coalition High School,1709930,City of Chicago SD 299,IL-15-016-2990-25,1501629903784,4946 S Paulina St,Chicago,IL,60609,4946 S Paulina St,Chicago,IL,60609,(773)535-9023,Illinois,41.80356,-87.667611,176,16980,City large,17031,High,Regular school,Open,10,12,,School is eligible for Title I Schoolwide program (SWP) and provides Title I Schoolwide program,Yes,Yes,No,No,No,No,17.0,91.0,0.0,91.0,No,Yes,No,No,96.0,17006,17003,170993002596,1707,,Yes under the Community Eligibility Provision (CEP),610386,Peace & Education HS,Peace & Education Coalition High School,Peace & Education HS,Peace And Education Coalition HS,4946,S,Paulina St,Chicago,IL,60609,1123.0,67021,HS,61.0,New City,McKinley Park,17.0,7.0,170316113003011,41.8360356836,-87.7341216358999,170993002596,170993002596,17031611300,both,both,170993002596,104,19.5,2.0,0.0,934793.0,0,0,0,0,0,both,824,52.30582524271845,83.0,71.1,both,67021,2955517,both,249,21069,17031611300,both,17031611300,71.0059,both
400147,CAMELOT - EXCEL HS,22.7,22.7,2017,170993006219,6219,Chicago Excel Academy High School,1709930,City of Chicago SD 299,IL-15-016-2990-25,1501629900862,1257 W 111th St,Chicago,IL,60643,1257 W 111th St,Chicago,IL,60643,(773)629-8379,Illinois,41.69194,-87.654321,176,16980,City large,17031,High,Regular school,Open,9,12,,School is eligible for Title I Schoolwide program (SWP) and provides Title I Schoolwide program,Yes,Yes,No,No,No,No,,277.0,0.0,277.0,No,Yes,No,No,281.0,17027,17014,170993006219,1701,,Yes under the Community Eligibility Provision (CEP),400147,Chicago Excel Contr Acad,Chicago Excel Academy,Chicago Excel Contr Acad,Chicago Excel Acad,1269,W,111th St,Chicago,IL,60643,9066.0,63141,HS,75.0,Morgan Park,Far South Side,22.0,4.0,170317506003001,41.6921576419999,-87.6544645335,170993006219,170993006219,17031750600,both,both,170993006219,300,11.0,1.48,0.0,1927247.0,0,0,0,0,0,both,1208,57.615894039735096,86.8,66.3,both,63141,3002939,both,443,24271,17031750600,both,17031750600,68.7926,both
609766,VAUGHN HS,10.8,10.8,2017,170993001018,1018,Vaughn Occupational High School,1709930,City of Chicago SD 299,IL-15-016-2990-25,1501629903753,4355 N Linder Ave,Chicago,IL,60641,4355 N Linder Ave,Chicago,IL,60641,(773)534-3600,Illinois,41.960243,-87.764367,176,16980,City large,17031,High,Regular school,Open,9,12,,School is eligible for Title I Schoolwide program (SWP) and provides Title I Schoolwide program,Yes,Yes,No,No,No,No,24.0,184.0,0.0,184.0,No,Yes,No,No,227.0,17019,17010,170993001018,1705,,Yes under the Community Eligibility Provision (CEP),609766,Vaughn HS,Jacqueline B Vaughn Occupational High School,Vaughn HS,Vaughn Occupational High School,4355,N,Linder Ave,Chicago,IL,60641,1920.0,49081,HS,15.0,Portage Park,Albany Irving,27.0,12.0,170311503006015,41.7058594383,-87.6537125969999,170993001018,170993001018,17031150300,both,both,170993001018,230,26.0,1.0,1.0,2196538.25,0,0,0,0,0,both,2991,79.839518555667,95.9,86.8,both,49081,5108268,both,261,45327,17031150300,both,17031150300,72.4476,both
609769,GRAHAM HS,4.5,4.5,2017,170993001076,1076,Graham  R Training Center,1709930,City of Chicago SD 299,IL-15-016-2990-25,1501629903715,2347 S Wabash Ave,Chicago,IL,60616,2347 S Wabash Ave,Chicago,IL,60616,(773)534-9257,Illinois,41.849534,-87.624985,176,16980,City large,17031,High,Regular school,Open,9,12,,School is eligible for Title I Schoolwide program (SWP) and provides Title I Schoolwide program,Yes,Yes,No,No,No,No,15.0,110.0,0.0,110.0,No,Yes,No,No,117.0,17005,17003,170993001076,1707,,Yes under the Community Eligibility Provision (CEP),609769,"Graham,r HS",Ray Graham Training Center High School,"Graham,r HS",Graham  R Training Center,2347,S,Wabash Ave,Chicago,IL,60616,1950.0,49101,HS,33.0,Near South Side,Loop,1.0,3.0,170318410001028,41.9603631728,-87.7646999295999,170993001076,170993001076,17031841000,both,both,170993001076,118,18.0,1.0,2.0,1464477.75,0,0,0,0,0,both,519,86.89788053949904,94.5,77.6,both,49101,4119980,both,81,77750,17031841000,both,17031841000,69.2768,both
609748,YORK HS,3.1,3.1,2017,170993000693,693,York Alternative High School,1709930,City of Chicago SD 299,IL-15-016-2990-25,1501629903600,2700 S California Av,Chicago,IL,60608,2700 S California Av,Chicago,IL,60608,(773)535-7021,Illinois,41.843173,-87.695803,176,16980,City large,17031,High,Regular school,Open,9,12,,School is eligible for Title I Schoolwide program (SWP) and provides Title I Schoolwide program,Yes,Yes,No,No,No,No,85.0,200.0,0.0,200.0,No,Yes,No,No,203.0,17021,17011,170993000693,1707,,No,609748,York HS,Consuella B York Alternative High School,York HS,York Alternative High School,2700,S,California Ave,Chicago,IL,60608,1730.0,49041,HS,30.0,South Lawndale,Pilsen - Little Village,16.0,2.0,170318435001023,41.7598529312,-87.6759101223999,170993000693,170993000693,17031843500,both,both,170993000693,210,40.0,1.0,0.0,1311565.625,0,0,0,0,0,both,300,56.00000000000001,91.5,70.6,both,49041,7334964,both,72,19324,17031843500,both,17031843500,70.92099999999999,both
609745,SOUTHSIDE HS,0,0.0,2017,170993005305,5305,Southside Occupational Academy High School,1709930,City of Chicago SD 299,IL-15-016-2990-25,1501629903765,7342 S Hoyne Ave,Chicago,IL,60636,7342 S Hoyne Ave,Chicago,IL,60636,(773)535-9100,Illinois,41.759709,-87.676316,176,16980,City large,17031,High,Regular school,Open,11,12,,School is eligible for Title I Schoolwide program (SWP) and provides Title I Schoolwide program,Yes,Yes,No,No,No,No,31.0,245.0,0.0,245.0,No,Yes,No,No,271.0,17031,17016,170993005305,1701,,Yes under the Community Eligibility Provision (CEP),609745,Southside HS,Southside Occupational Academy High School,Southside HS,Southside Occupational Acad Hs,7342,S,Hoyne Ave,Chicago,IL,60636,1700.0,49031,HS,67.0,West Englewood,Englewood,4.0,3.0,170316720004008,41.7805269301,-87.7179770874,170993005305,170993005305,17031672000,both,both,170993005305,269,33.5,1.0,0.0,2799687.25,0,0,0,0,0,both,1179,56.14927905004241,75.1,79.6,both,49031,7223968,both,400,26992,17031672000,both,17031672000,70.7116,both
609783,JEFFERSON HS,0,0.0,2017,170993000894,894,Jefferson Alternative High School,1709930,City of Chicago SD 299,IL-15-016-2990-25,1501629903075,1100 S Hamilton Ave,Chicago,IL,60612,1100 S Hamilton Ave,Chicago,IL,60612,(312)433-7110,Illinois,41.867671,-87.681435,176,16980,City large,17031,High,Regular school,Open,6,12,,School is eligible for Title I Schoolwide program (SWP) and provides Title I Schoolwide program,Yes,Yes,No,No,No,No,,169.0,0.0,169.0,No,Yes,Yes,No,182.0,17009,17005,170993000894,1707,,No,609783,Jefferson Alt HS,Nancy B Jefferson Alternative High School,Jefferson Alt HS,Jefferson  N Elem Alt School,1100,S,Hamilton Ave,Chicago,IL,60612,2120.0,30011,HS,28.0,Near West Side,Near West,23.0,2.0,170318382002026,41.8021121562999,-87.6258200563,170993000894,170993000894,17031838200,both,both,170993000894,215,45.0,1.0,0.0,1449788.5,0,0,0,0,0,both,400,72.25,91.0,61.9,both,30011,7695434,both,43,7686,17031838200,both,17031838200,70.9809,both
